challengeID,cm1ethrace,cf1ethrace,cm1edu,cf1edu,cm1relf
1,1,1,4,3,1
2,4,1,1,4,3
3,3,3,1,3,1
4,2,2,4,4,2
5,1,1,2,2,3
6,3,3,2,2,2
7,2,3,3,1,2
8,2,2,1,1,3
9,3,3,2,2,1
10,1,1,2,1,2
11,2,2,4,4,3
12,1,1,3,3,1
13,2,2,1,1,1
14,2,2,3,3,1
15,3,3,2,1,1
16,2,2,2,2,3
17,2,2,2,1,2
18,2,2,1,1,2
19,1,1,1,1,3
20,1,1,3,4,1
21,2,2,1,1,2
22,1,1,1,1,1
23,1,1,3,2,2
24,2,2,3,2,2
25,4,1,3,4,2
26,2,2,3,1,3
27,2,2,2,2,2
28,2,2,1,1,1
29,2,2,2,1,3
30,2,2,3,3,1
31,2,2,2,2,2
32,2,2,1,2,2
33,1,1,4,3,1
34,3,1,4,2,3
35,2,2,3,1,3
36,2,1,3,1,6
37,2,2,1,2,1
38,2,2,1,1,2
39,2,3,2,2,2
40,2,2,1,2,3
41,3,3,1,3,1
42,2,2,3,2,3
43,1,2,3,2,3
44,3,4,1,1,5
45,2,2,3,3,5
46,2,2,2,2,2
47,1,1,4,3,1
48,3,3,1,1,2
49,3,3,2,2,2
50,2,2,1,1,4
51,2,2,3,3,1
52,1,1,3,2,1
53,2,2,2,1,4
54,1,1,3,3,2
55,2,2,1,1,2
56,3,3,2,2,4
57,3,1,3,3,2
58,2,2,2,2,2
59,3,3,1,1,2
60,2,2,3,3,2
61,1,1,3,4,2
62,3,3,1,1,2
63,3,3,1,1,2
64,1,1,4,4,1
65,2,2,1,1,6
66,2,2,3,3,3
67,2,2,3,2,2
68,3,3,4,1,6
69,3,3,3,3,2
70,1,1,4,4,1
71,3,4,1,1,4
72,1,1,3,2,2
73,2,2,1,1,2
74,3,3,1,1,2
75,1,1,2,2,2
76,2,2,2,1,2
77,1,3,2,2,2
78,2,2,3,4,1
79,2,2,1,2,3
80,4,1,3,3,2
81,2,2,3,3,3
82,3,3,1,1,2
83,1,1,4,2,1
84,2,2,1,1,3
85,2,2,1,1,5
86,2,2,1,2,4
87,3,3,1,1,1
88,1,1,2,3,2
89,4,4,4,4,1
90,2,1,1,1,7
91,3,3,1,1,2
92,2,2,1,2,4
93,3,3,4,2,1
94,2,2,2,2,1
95,3,2,2,2,3
96,1,1,3,3,1
97,1,3,4,3,1
98,2,2,2,2,2
99,3,3,2,1,3
100,1,2,1,1,2
101,3,3,2,1,3
102,3,3,1,1,3
103,3,3,1,2,1
104,2,2,2,2,4
105,3,3,1,1,2
106,3,3,3,2,1
107,1,3,3,2,1
108,2,2,1,1,3
109,2,2,1,1,5
110,2,2,1,2,3
111,2,2,2,1,3
112,2,2,1,2,2
113,2,2,2,2,3
114,2,2,4,2,3
115,1,1,3,3,1
116,1,1,2,1,1
117,2,2,1,2,2
118,2,2,1,1,2
119,2,2,2,2,3
120,2,2,2,1,1
121,2,2,2,2,2
122,1,1,3,2,2
123,2,2,2,2,2
124,3,3,3,1,2
125,1,2,1,3,3
126,2,2,3,2,3
127,3,3,2,2,3
128,2,2,2,2,5
129,3,3,1,1,2
130,3,3,1,1,2
131,1,1,2,3,1
132,2,2,3,3,2
133,3,3,1,1,2
134,2,2,3,2,2
135,3,3,3,1,6
136,2,2,2,1,4
137,2,2,1,2,2
138,2,2,2,2,3
139,2,2,3,3,3
140,3,3,3,3,1
141,2,2,2,2,3
142,2,2,2,2,3
143,1,1,2,1,2
144,2,2,1,3,5
145,1,1,1,3,3
146,4,4,1,2,2
147,1,4,2,3,2
148,3,3,3,3,3
149,3,3,1,2,3
150,3,3,2,1,3
151,2,2,2,2,3
152,3,3,2,1,2
153,2,2,2,1,3
154,2,2,2,1,3
155,2,2,2,3,2
156,2,2,2,1,3
157,1,1,4,1,1
158,2,2,2,1,5
159,3,3,1,2,3
160,2,2,3,2,3
161,4,4,4,3,1
162,2,2,2,1,4
163,2,2,2,2,3
164,4,4,4,4,1
165,1,2,1,1,3
166,1,2,1,1,5
167,2,2,3,2,1
168,2,2,1,2,4
169,2,2,2,2,2
170,2,2,2,1,4
171,2,2,2,3,4
172,2,2,2,2,3
173,2,2,3,2,4
174,3,2,3,2,3
175,2,2,3,2,1
176,3,3,1,1,3
177,3,3,1,1,3
178,3,3,1,2,4
179,2,2,4,3,3
180,2,2,3,1,2
181,2,2,2,2,3
182,3,1,2,3,4
183,2,2,1,1,3
184,2,2,2,1,2
185,3,3,2,1,1
186,2,2,2,2,3
187,4,4,4,4,1
188,3,3,1,3,2
189,2,2,3,4,2
190,3,4,2,2,3
191,3,3,1,3,2
192,3,3,3,2,3
193,2,2,2,1,1
194,2,2,2,2,5
195,2,2,1,1,2
196,1,1,4,2,1
197,3,3,1,1,4
198,1,1,1,2,1
199,2,2,2,2,3
200,2,2,1,3,2
201,1,1,2,2,1
202,2,2,1,1,3
203,3,3,3,4,2
204,2,2,1,1,2
205,1,1,1,2,2
206,2,2,1,3,2
207,1,1,3,3,1
208,1,1,4,4,2
209,1,3,1,2,2
210,1,3,2,2,2
211,2,2,1,3,2
212,2,2,2,2,4
213,3,3,2,1,1
214,2,2,3,2,3
215,2,2,2,1,2
216,3,3,2,1,1
217,2,2,2,2,5
218,3,3,1,3,2
219,2,2,3,2,1
220,4,1,1,4,1
221,3,2,3,3,2
222,3,3,1,1,2
223,3,3,3,3,2
224,2,2,1,1,3
225,3,2,1,1,6
226,2,2,1,1,5
227,1,1,4,2,1
228,2,2,2,2,3
229,1,2,3,4,2
230,1,1,2,2,1
231,1,1,4,2,1
232,1,1,4,4,1
233,3,3,2,2,4
234,2,2,1,1,2
235,2,2,2,1,3
236,2,2,1,1,3
237,3,3,1,1,2
238,3,3,1,1,2
239,2,2,3,3,1
240,2,2,2,3,1
241,3,3,2,2,2
242,2,2,2,2,2
243,3,3,2,1,2
244,2,3,2,2,2
245,2,2,3,4,1
246,1,1,4,4,1
247,2,1,3,4,2
248,2,2,1,1,2
249,1,1,2,2,1
250,2,2,3,1,3
251,2,2,2,2,2
252,2,2,1,1,3
253,3,3,2,3,6
254,2,2,1,2,3
255,2,2,3,3,1
256,1,2,1,1,3
257,1,1,1,1,1
258,2,2,1,1,4
259,2,2,2,2,1
260,2,2,1,1,4
261,2,2,3,1,2
262,1,1,3,1,2
263,3,3,2,2,2
264,1,1,2,2,2
265,3,3,1,1,3
266,4,4,1,2,1
267,2,2,1,1,2
268,3,3,2,1,6
269,2,2,1,1,1
270,3,3,2,1,2
271,1,1,1,1,6
272,3,3,1,1,3
273,1,1,3,3,1
274,2,2,3,1,5
275,2,2,2,2,1
276,2,2,4,3,1
277,2,2,2,2,3
278,2,2,1,2,6
279,3,2,3,3,1
280,3,3,2,2,3
281,2,2,3,2,2
282,2,2,1,2,3
283,3,3,3,2,4
284,1,1,3,4,2
285,3,3,2,2,2
286,3,3,1,1,3
287,3,3,2,1,6
288,2,2,3,2,3
289,1,1,3,2,2
290,1,3,3,2,1
291,2,2,2,1,2
292,1,1,2,2,2
293,2,1,3,1,3
294,1,1,3,3,2
295,1,1,4,3,1
296,1,1,3,3,1
297,2,2,3,1,3
298,1,1,1,2,3
299,1,1,2,2,2
300,2,3,1,1,3
301,2,2,2,2,2
302,2,2,1,1,3
303,2,2,2,2,2
304,3,3,1,1,2
305,1,1,1,1,5
306,2,2,3,3,2
307,2,3,2,2,2
308,2,2,4,2,3
309,2,2,1,3,3
310,3,3,1,1,2
311,2,2,2,1,4
312,2,2,2,2,2
313,2,2,1,1,4
314,1,1,4,3,1
315,2,2,2,1,3
316,2,2,1,1,1
317,2,2,1,3,2
318,3,3,3,1,3
319,2,2,2,1,4
320,1,1,4,3,1
321,1,1,4,4,1
322,1,2,2,2,2
323,1,1,1,3,2
324,2,2,1,2,2
325,3,3,3,4,2
326,2,2,1,2,1
327,1,1,4,4,1
328,2,2,1,2,3
329,3,3,3,2,3
330,2,2,4,1,3
331,3,3,3,1,1
332,1,1,1,2,2
333,2,2,1,3,3
334,2,2,1,1,3
335,2,2,3,1,2
336,2,2,3,2,3
337,3,3,2,1,1
338,1,1,3,2,2
339,1,2,1,2,2
340,3,3,2,1,2
341,1,1,3,2,1
342,1,2,3,2,2
343,4,4,1,1,2
344,3,3,2,1,1
345,2,1,2,1,2
346,2,2,3,3,3
347,1,1,1,1,1
348,3,3,1,1,1
349,1,1,4,2,1
350,3,3,1,2,2
351,1,1,2,1,2
352,3,3,1,1,2
353,1,1,4,4,1
354,2,2,1,2,3
355,2,1,1,1,2
356,1,1,1,1,2
357,4,4,3,3,2
358,1,2,2,3,1
359,2,2,2,3,1
360,1,1,1,1,5
361,1,1,3,1,2
362,1,1,3,4,1
363,2,2,2,2,1
364,2,2,3,3,2
365,2,2,3,3,3
366,2,2,3,3,3
367,1,1,1,1,2
368,3,3,2,2,2
369,2,2,3,1,2
370,2,2,1,1,3
371,1,1,3,3,6
372,1,1,3,4,1
373,2,2,3,1,3
374,2,2,3,2,2
375,1,1,2,1,2
376,2,2,3,2,3
377,1,1,4,3,1
378,1,1,1,1,7
379,1,1,1,1,2
380,4,4,1,4,1
381,4,4,4,4,1
382,1,1,2,1,3
383,2,2,2,2,1
384,2,2,1,2,2
385,2,2,2,1,3
386,1,1,4,4,1
387,2,2,3,3,3
388,3,3,1,1,3
389,2,2,1,2,5
390,1,1,4,3,2
391,1,2,4,4,2
392,1,1,4,4,1
393,2,2,1,1,3
394,2,2,3,1,3
395,2,2,3,3,2
396,3,3,1,1,2
397,1,1,3,4,1
398,2,2,1,2,2
399,2,2,2,1,2
400,4,1,2,1,2
401,2,2,2,1,4
402,1,1,1,1,2
403,2,2,3,3,3
404,2,2,2,2,5
405,1,3,1,1,2
406,2,2,1,1,3
407,1,1,4,3,1
408,1,1,4,3,1
409,3,1,3,4,1
410,3,3,3,1,1
411,1,1,2,2,2
412,2,2,2,2,3
413,3,3,1,2,2
414,2,2,2,3,4
415,1,4,1,2,3
416,3,3,2,1,3
417,2,2,1,1,3
418,2,2,1,1,2
419,3,3,1,1,2
420,2,2,1,1,3
421,3,3,1,1,3
422,2,2,4,4,3
423,2,2,1,1,4
424,1,1,4,4,1
425,1,1,4,4,1
426,2,2,2,2,1
427,2,2,2,2,3
428,3,3,1,2,4
429,2,2,1,2,3
430,3,3,1,3,1
431,3,3,3,4,2
432,1,1,4,1,1
433,2,2,1,3,6
434,3,3,3,2,2
435,4,2,3,1,3
436,2,2,2,3,4
437,1,1,4,4,1
438,2,2,1,1,3
439,1,1,3,3,1
440,2,2,1,1,2
441,2,2,1,1,3
442,1,1,2,1,3
443,2,3,2,1,2
444,1,1,2,2,1
445,3,3,1,1,5
446,1,1,2,4,2
447,1,1,3,3,4
448,1,1,1,1,1
449,2,2,1,2,4
450,3,3,2,2,3
451,3,3,4,1,5
452,3,3,1,2,2
453,3,3,2,3,5
454,2,2,3,3,5
455,3,3,2,2,2
456,4,1,3,2,1
457,2,2,2,1,2
458,3,3,1,1,2
459,1,2,3,3,3
460,2,2,1,3,3
461,1,1,2,3,1
462,2,2,1,1,2
463,3,3,1,1,3
464,2,2,1,2,3
465,1,2,2,2,2
466,4,3,3,3,1
467,2,2,3,3,6
468,2,2,1,1,2
469,2,2,3,2,3
470,3,3,1,2,2
471,2,1,2,2,2
472,2,2,1,2,2
473,2,2,2,2,2
474,2,2,2,2,2
475,2,2,1,1,3
476,2,2,3,3,3
477,2,2,1,1,3
478,2,2,1,1,3
479,1,1,2,2,2
480,3,3,2,2,2
481,2,2,2,2,6
482,3,3,1,1,3
483,3,3,1,2,2
484,3,3,1,1,2
485,2,2,1,2,5
486,3,3,1,2,4
487,3,3,2,2,2
488,3,2,1,1,3
489,2,2,3,3,3
490,1,1,1,3,1
491,2,1,4,3,2
492,3,1,1,1,7
493,2,2,1,1,2
494,2,2,1,2,3
495,2,2,1,1,2
496,2,2,4,3,2
497,3,3,2,2,2
498,1,3,3,3,1
499,2,2,2,2,3
500,2,2,1,1,4
501,2,2,2,2,2
502,2,2,3,2,3
503,3,3,3,1,3
504,3,3,1,1,2
505,1,1,4,4,1
506,2,2,2,2,2
507,2,2,3,3,1
508,3,3,2,1,3
509,1,1,2,1,2
510,1,1,4,4,1
511,2,2,3,2,3
512,2,2,2,2,3
513,2,2,4,1,4
514,2,2,1,2,4
515,3,3,2,1,2
516,2,2,2,1,2
517,1,2,1,1,6
518,1,1,3,3,2
519,2,2,1,1,3
520,3,3,3,3,1
521,4,4,2,3,1
522,2,2,1,1,3
523,3,3,1,1,4
524,3,3,4,4,1
525,1,1,4,4,1
526,1,1,4,4,1
527,1,1,3,1,6
528,3,3,1,1,6
529,2,2,1,1,3
530,1,4,1,2,1
531,4,1,4,3,2
532,4,1,1,1,2
533,2,3,1,2,4
534,1,1,4,3,1
535,2,2,4,2,1
536,1,1,2,3,2
537,2,2,3,1,3
538,2,2,3,3,1
539,2,2,1,1,3
540,1,1,1,1,2
541,1,1,4,4,1
542,4,4,4,4,1
543,1,1,4,4,1
544,3,3,2,1,1
545,2,2,2,2,5
546,3,3,1,1,3
547,3,3,1,1,2
548,2,2,1,1,1
549,2,2,3,2,3
550,3,3,1,1,2
551,2,2,1,2,2
552,1,1,2,2,4
553,3,3,1,1,2
554,3,2,2,1,2
555,2,2,3,2,3
556,1,2,1,1,3
557,3,3,1,1,3
558,3,3,2,1,5
559,3,3,2,1,3
560,1,1,4,4,1
561,2,2,1,2,3
562,3,3,3,1,3
563,2,2,3,1,3
564,1,1,2,2,3
565,3,3,1,1,2
566,1,1,3,2,2
567,1,1,2,2,2
568,1,1,4,3,1
569,2,2,1,2,3
570,2,2,3,2,2
571,2,2,2,2,4
572,2,2,2,2,3
573,2,2,2,1,3
574,2,2,1,3,3
575,4,2,3,1,3
576,1,3,3,3,2
577,1,1,2,2,2
578,2,2,3,3,1
579,2,2,2,4,1
580,2,2,4,3,3
581,2,2,1,2,1
582,2,2,2,2,1
583,2,2,3,3,4
584,1,1,2,2,1
585,2,2,4,4,1
586,4,1,2,2,3
587,3,3,2,2,2
588,2,2,1,2,2
589,2,2,2,2,3
590,2,2,2,1,3
591,3,3,3,4,2
592,2,2,3,3,3
593,1,1,3,3,1
594,2,2,3,3,3
595,2,3,2,2,6
596,1,1,1,1,2
597,3,3,2,3,2
598,3,3,1,2,1
599,2,2,1,1,1
600,2,2,4,4,4
601,2,2,1,2,5
602,2,2,1,1,3
603,1,1,1,1,7
604,3,3,1,1,2
605,1,1,4,4,1
606,2,2,1,3,4
607,2,3,1,1,3
608,2,2,2,3,3
609,3,3,1,1,2
610,2,2,3,3,2
611,3,2,4,3,1
612,1,3,3,2,6
613,3,2,2,2,2
614,2,2,3,2,2
615,3,3,3,3,2
616,4,3,2,3,1
617,3,1,3,3,2
618,2,2,2,1,5
619,2,2,1,3,2
620,4,1,4,4,1
621,4,2,1,2,4
622,1,1,3,3,1
623,1,1,3,4,5
624,1,1,4,4,1
625,2,2,3,3,3
626,2,2,3,2,3
627,3,3,1,1,1
628,1,1,3,2,4
629,2,1,1,1,3
630,3,3,1,2,3
631,1,1,1,2,2
632,2,2,2,2,2
633,2,2,3,4,1
634,2,2,2,1,1
635,1,1,4,4,1
636,2,2,4,3,1
637,2,2,1,2,2
638,2,2,1,2,2
639,3,3,1,2,4
640,3,3,1,2,2
641,1,1,1,1,4
642,4,1,1,1,3
643,1,1,3,3,1
644,2,2,1,1,3
645,2,2,1,1,3
646,1,1,1,1,4
647,2,2,2,2,1
648,2,2,1,2,3
649,2,2,3,2,3
650,1,1,2,1,1
651,2,2,3,2,1
652,2,2,3,1,5
653,2,2,3,2,3
654,4,1,1,1,4
655,2,2,1,2,3
656,3,3,1,1,2
657,2,2,2,2,2
658,2,2,3,2,2
659,2,2,3,2,3
660,2,2,2,1,4
661,1,1,4,4,1
662,2,1,3,1,7
663,2,2,2,2,2
664,2,2,3,3,2
665,2,2,2,2,5
666,3,3,1,2,2
667,2,2,1,1,3
668,3,3,2,2,3
669,2,2,1,1,3
670,2,2,1,2,2
671,3,1,1,3,2
672,4,1,3,3,2
673,1,1,2,1,5
674,2,3,2,3,2
675,2,2,2,1,3
676,3,3,2,2,3
677,2,2,3,3,3
678,2,2,3,1,2
679,3,3,1,4,3
680,2,2,2,4,4
681,2,1,1,1,7
682,3,3,2,2,2
683,3,3,1,1,2
684,2,2,2,1,3
685,2,2,2,2,2
686,1,1,1,2,5
687,2,2,4,3,1
688,2,2,1,1,3
689,2,2,2,2,3
690,1,1,2,2,1
691,2,2,1,2,3
692,1,1,2,2,1
693,2,4,1,1,1
694,1,1,4,4,1
695,3,3,1,1,6
696,2,2,4,4,1
697,1,3,1,1,2
698,3,3,2,1,2
699,1,1,2,2,5
700,1,1,4,4,1
701,1,1,3,1,2
702,1,1,4,3,1
703,3,3,1,1,2
704,2,1,4,3,4
705,1,1,1,2,1
706,3,3,1,1,3
707,3,3,1,1,3
708,1,1,3,3,1
709,1,1,3,3,1
710,2,1,1,1,3
711,2,2,1,2,3
712,2,2,3,1,2
713,3,3,1,1,2
714,2,2,3,2,2
715,2,2,2,2,3
716,2,2,1,2,3
717,2,2,2,2,3
718,3,3,3,2,2
719,2,2,2,1,1
720,2,2,2,4,2
721,2,2,1,2,2
722,2,2,1,2,2
723,3,3,1,2,2
724,2,2,2,1,5
725,2,2,2,3,2
726,2,2,2,4,3
727,1,1,2,2,1
728,2,2,2,2,2
729,2,2,1,1,3
730,3,3,1,1,2
731,1,2,3,1,5
732,2,2,3,3,1
733,2,2,2,1,2
734,2,2,3,2,5
735,2,2,1,2,3
736,2,2,2,2,3
737,2,2,1,4,1
738,3,3,1,3,2
739,2,2,4,4,1
740,2,2,3,3,3
741,2,2,1,2,3
742,3,3,3,1,2
743,2,2,3,2,1
744,3,3,2,1,2
745,2,1,3,3,2
746,1,1,4,4,1
747,2,2,3,2,3
748,2,1,2,2,3
749,4,3,3,3,2
750,2,2,1,2,2
751,2,2,2,2,4
752,2,2,1,2,3
753,2,2,3,3,2
754,3,3,1,1,1
755,2,2,2,1,1
756,2,2,2,1,4
757,1,2,2,3,2
758,1,1,2,2,1
759,1,1,3,4,1
760,2,2,2,2,3
761,2,2,1,2,1
762,1,3,3,3,2
763,1,1,3,3,1
764,3,3,2,2,1
765,1,1,4,4,1
766,2,2,2,2,3
767,3,3,2,2,2
768,4,4,4,4,1
769,1,1,3,1,2
770,1,1,2,2,2
771,1,1,2,2,1
772,2,2,2,2,3
773,2,2,2,3,3
774,3,2,2,2,3
775,2,2,2,3,1
776,2,2,3,3,1
777,2,2,1,3,5
778,2,3,2,2,3
779,2,2,1,2,3
780,2,4,1,1,2
781,2,2,2,1,3
782,2,2,3,3,1
783,1,1,1,1,2
784,1,2,3,2,3
785,2,2,2,2,3
786,1,3,3,2,1
787,2,2,2,1,3
788,3,1,2,1,6
789,3,3,1,1,3
790,3,2,2,3,3
791,2,3,1,1,4
792,2,2,1,1,2
793,3,3,1,3,3
794,2,2,3,3,1
795,1,1,3,2,2
796,2,2,3,2,4
797,2,2,3,2,3
798,2,2,1,2,5
799,2,2,2,3,1
800,2,2,1,2,4
801,3,2,3,3,2
802,3,3,1,1,6
803,2,2,3,1,4
804,3,3,2,2,2
805,2,2,1,2,2
806,4,1,2,1,2
807,2,4,2,2,3
808,2,2,4,3,2
809,2,2,2,3,5
810,2,2,3,4,2
811,2,2,2,3,3
812,3,1,4,2,1
813,2,2,1,2,4
814,1,1,4,4,1
815,1,1,2,2,3
816,2,2,1,1,2
817,1,1,2,1,7
818,2,2,3,2,5
819,3,3,1,1,2
820,2,2,3,3,2
821,3,3,4,4,1
822,1,2,3,3,1
823,2,2,1,4,6
824,2,2,1,1,4
825,2,2,3,3,1
826,1,1,3,3,3
827,3,3,3,3,3
828,2,2,3,1,2
829,3,3,2,2,3
830,3,3,3,1,2
831,2,2,3,1,3
832,2,2,1,1,2
833,4,4,3,3,3
834,2,2,3,4,1
835,2,2,4,4,1
836,3,3,1,1,2
837,2,2,2,4,2
838,1,1,3,3,1
839,2,2,3,3,3
840,2,2,3,3,3
841,4,4,4,4,1
842,3,1,3,1,7
843,2,3,1,2,3
844,1,1,3,4,3
845,3,3,2,2,5
846,1,1,2,2,3
847,3,3,1,1,2
848,2,2,2,2,3
849,2,2,3,3,3
850,2,2,1,2,3
851,2,2,2,2,3
852,2,2,3,3,1
853,2,2,2,2,2
854,1,1,3,2,1
855,2,2,3,3,3
856,2,2,3,3,1
857,2,2,1,1,3
858,1,2,2,2,2
859,2,2,2,2,3
860,3,1,3,2,3
861,2,2,2,2,3
862,2,1,2,2,3
863,1,1,2,2,1
864,2,2,2,3,2
865,2,2,2,2,2
866,2,2,3,1,2
867,2,2,2,2,5
868,2,2,3,3,3
869,1,1,2,2,5
870,2,2,2,2,4
871,4,1,1,2,2
872,2,2,3,1,2
873,1,1,1,2,2
874,3,3,3,2,2
875,2,2,3,1,2
876,2,2,2,1,3
877,1,3,2,2,3
878,3,3,1,1,1
879,2,2,1,1,3
880,2,2,1,1,2
881,2,2,3,1,2
882,2,2,3,2,2
883,3,3,2,1,1
884,4,4,1,1,4
885,2,2,2,2,3
886,2,2,1,1,2
887,1,1,2,2,2
888,1,1,4,4,1
889,3,3,1,2,3
890,1,1,3,3,2
891,3,3,1,1,3
892,3,2,2,1,3
893,2,2,1,2,4
894,3,3,1,1,2
895,2,2,2,3,3
896,2,2,1,1,2
897,1,1,2,1,6
898,2,2,1,2,2
899,2,2,1,1,3
900,2,2,1,2,4
901,1,1,2,2,1
902,1,1,4,4,1
903,2,2,3,2,6
904,3,3,1,1,4
905,2,2,2,3,3
906,3,3,1,3,1
907,2,2,2,3,2
908,2,2,1,2,2
909,3,3,2,2,3
910,1,1,3,3,5
911,2,3,1,1,2
912,2,4,1,1,2
913,1,1,1,2,3
914,3,3,2,3,1
915,3,3,2,1,3
916,2,2,1,1,6
917,3,1,3,2,1
918,3,3,2,1,2
919,3,3,2,1,2
920,2,2,1,1,3
921,1,2,2,2,1
922,2,2,2,3,1
923,1,1,4,3,1
924,1,1,1,2,2
925,1,1,3,1,1
926,3,3,1,1,4
927,3,1,3,2,1
928,3,3,3,3,3
929,2,2,3,3,2
930,4,1,3,1,2
931,2,2,2,2,3
932,2,2,1,1,2
933,3,3,3,3,3
934,2,2,2,2,3
935,2,2,3,3,2
936,3,3,1,1,2
937,2,2,2,2,3
938,2,2,2,4,1
939,1,1,2,3,2
940,2,2,1,2,2
941,3,3,1,1,3
942,2,2,1,3,2
943,2,2,1,1,4
944,2,2,3,2,5
945,3,3,2,1,2
946,2,1,3,2,2
947,3,2,1,1,4
948,2,2,1,3,2
949,2,2,3,1,3
950,3,3,3,3,3
951,2,2,2,3,2
952,2,2,2,2,2
953,3,3,1,1,2
954,3,3,2,1,2
955,1,1,4,4,1
956,3,3,3,3,2
957,2,2,2,1,2
958,2,2,3,3,2
959,3,3,3,3,2
960,4,4,3,4,1
961,3,2,2,2,2
962,2,2,1,1,2
963,1,1,3,3,2
964,4,1,1,2,2
965,4,1,4,4,1
966,3,3,1,1,1
967,2,2,2,2,4
968,2,2,2,2,2
969,3,3,2,1,2
970,3,3,3,2,1
971,2,2,3,1,2
972,2,2,2,3,3
973,2,2,1,3,4
974,3,3,1,1,2
975,3,3,2,2,3
976,3,3,1,1,4
977,2,2,4,2,1
978,2,2,4,4,1
979,3,3,2,3,5
980,3,3,1,1,1
981,2,2,1,2,2
982,3,3,1,1,2
983,3,3,3,3,1
984,2,2,1,2,5
985,2,2,3,3,1
986,1,1,3,3,1
987,3,3,2,2,2
988,3,3,1,3,2
989,2,2,2,2,2
990,2,2,4,4,3
991,2,1,4,3,3
992,2,2,2,1,2
993,1,1,3,4,1
994,2,2,1,3,3
995,3,3,3,2,2
996,2,2,2,2,3
997,1,1,3,3,1
998,2,2,3,4,4
999,3,3,1,1,2
1000,2,2,1,1,3
1001,1,3,3,2,1
1002,1,1,3,2,3
1003,4,1,2,4,1
1004,4,1,2,2,1
1005,1,1,3,3,4
1006,2,1,3,2,2
1007,3,3,2,2,3
1008,2,2,1,1,2
1009,1,1,4,4,1
1010,2,2,2,2,3
1011,2,2,3,2,2
1012,1,1,2,1,3
1013,3,3,1,2,1
1014,2,2,3,3,3
1015,2,2,2,1,4
1016,2,1,3,2,1
1017,2,2,2,2,2
1018,3,3,3,2,2
1019,2,2,1,3,6
1020,1,1,2,2,2
1021,2,2,2,2,1
1022,2,2,2,2,2
1023,2,2,2,2,3
1024,2,2,1,1,3
1025,1,1,4,3,1
1026,1,1,3,3,1
1027,1,1,4,4,1
1028,2,2,2,1,5
1029,2,2,2,2,1
1030,2,2,2,2,2
1031,3,3,1,2,6
1032,4,4,2,4,2
1033,2,2,4,1,3
1034,1,1,1,3,3
1035,1,1,4,4,1
1036,1,1,4,4,1
1037,3,3,4,2,2
1038,2,2,1,2,3
1039,2,2,2,1,3
1040,3,3,1,1,2
1041,2,2,2,1,4
1042,2,3,3,4,2
1043,2,2,2,2,3
1044,2,2,2,3,2
1045,2,2,2,2,1
1046,3,3,1,1,2
1047,2,2,4,4,1
1048,1,1,1,2,2
1049,4,4,4,4,1
1050,2,2,1,1,3
1051,1,1,3,4,1
1052,2,2,4,3,1
1053,1,1,1,2,1
1054,4,4,2,3,1
1055,3,4,3,3,1
1056,3,3,2,1,1
1057,2,2,2,3,3
1058,2,2,1,1,3
1059,2,2,3,3,2
1060,3,3,2,1,2
1061,1,1,4,2,1
1062,4,1,3,3,1
1063,2,2,2,2,2
1064,2,2,3,3,3
1065,2,2,1,2,3
1066,2,2,2,2,3
1067,3,2,2,2,3
1068,2,3,3,2,3
1069,2,2,1,3,2
1070,2,2,1,1,3
1071,3,4,3,3,2
1072,3,3,1,1,1
1073,3,3,1,1,2
1074,1,1,4,3,1
1075,3,3,1,1,5
1076,2,2,1,1,5
1077,3,1,1,1,1
1078,3,3,1,1,1
1079,2,2,1,1,4
1080,2,2,2,3,2
1081,1,3,3,3,1
1082,2,2,1,1,6
1083,2,2,1,2,2
1084,1,1,2,2,2
1085,3,3,3,3,1
1086,2,2,2,2,3
1087,2,2,1,1,3
1088,1,1,4,4,1
1089,4,4,3,4,1
1090,4,1,1,2,2
1091,2,2,3,4,1
1092,3,3,1,1,2
1093,2,2,2,2,2
1094,4,1,3,2,2
1095,2,2,3,2,3
1096,2,2,2,3,3
1097,3,3,2,3,2
1098,2,2,1,1,3
1099,3,3,1,1,2
1100,3,2,1,3,4
1101,1,1,4,3,5
1102,3,3,1,1,2
1103,1,1,2,3,2
1104,4,4,4,1,3
1105,2,2,2,2,1
1106,2,2,2,2,2
1107,2,2,1,2,4
1108,1,1,1,1,2
1109,3,3,1,2,1
1110,2,1,4,2,5
1111,2,2,3,2,2
1112,3,3,3,3,2
1113,2,2,1,1,1
1114,3,3,2,1,1
1115,2,2,1,1,3
1116,2,2,2,2,1
1117,2,2,1,2,2
1118,1,1,2,2,1
1119,1,1,3,3,6
1120,1,1,3,2,2
1121,1,1,2,3,2
1122,2,2,1,1,3
1123,3,3,2,1,6
1124,4,2,3,3,4
1125,1,1,4,4,1
1126,3,3,1,1,3
1127,2,2,1,1,4
1128,2,2,1,2,3
1129,2,2,3,3,1
1130,2,2,2,2,2
1131,2,2,3,3,3
1132,2,2,3,1,3
1133,3,3,4,3,2
1134,2,2,3,2,5
1135,3,2,3,1,1
1136,1,1,3,4,1
1137,2,2,1,2,3
1138,2,2,3,3,1
1139,3,3,3,3,3
1140,1,1,4,4,1
1141,3,3,2,1,2
1142,1,1,4,4,1
1143,2,2,4,3,3
1144,3,4,3,4,2
1145,4,4,4,3,1
1146,2,2,1,2,3
1147,3,2,3,1,3
1148,1,3,2,2,6
1149,1,1,2,2,1
1150,2,2,3,2,2
1151,2,2,2,1,2
1152,2,2,1,3,2
1153,2,2,2,2,2
1154,1,2,1,1,1
1155,2,2,2,2,3
1156,3,1,3,4,1
1157,3,2,3,1,3
1158,2,2,1,1,3
1159,1,1,2,2,2
1160,1,3,4,3,2
1161,2,2,2,2,3
1162,3,3,1,1,2
1163,3,3,1,3,2
1164,2,2,4,2,1
1165,2,2,2,2,4
1166,1,1,4,4,1
1167,2,2,1,2,3
1168,1,1,2,2,2
1169,3,3,1,1,2
1170,2,2,1,1,3
1171,3,3,3,3,2
1172,1,1,1,2,1
1173,2,2,2,2,5
1174,1,1,2,2,2
1175,2,2,3,2,4
1176,2,3,3,1,3
1177,3,3,1,1,2
1178,2,2,1,1,3
1179,2,2,1,2,2
1180,3,3,1,1,1
1181,1,1,3,1,2
1182,2,2,1,2,3
1183,1,1,4,4,1
1184,2,2,2,3,3
1185,3,3,1,1,2
1186,1,1,3,3,1
1187,2,2,3,3,1
1188,2,2,2,3,2
1189,3,3,3,3,2
1190,1,1,1,3,1
1191,2,2,1,2,4
1192,3,3,2,2,2
1193,1,1,4,3,1
1194,2,2,2,2,3
1195,1,2,1,1,2
1196,3,3,1,1,2
1197,3,1,1,3,3
1198,2,2,3,3,3
1199,4,1,3,4,3
1200,3,3,2,3,3
1201,2,2,2,3,2
1202,2,2,3,2,2
1203,2,2,2,2,3
1204,1,1,4,4,1
1205,2,2,3,2,3
1206,3,3,1,1,5
1207,2,2,3,2,3
1208,2,2,1,1,3
1209,1,1,2,1,3
1210,1,1,2,1,3
1211,2,2,2,1,2
1212,2,2,4,3,3
1213,3,3,3,2,2
1214,3,3,2,3,1
1215,2,2,1,2,2
1216,3,1,4,4,1
1217,2,2,4,4,3
1218,2,2,3,2,3
1219,2,2,2,2,2
1220,1,1,2,1,4
1221,2,2,2,1,3
1222,2,2,2,1,3
1223,2,2,2,2,3
1224,2,2,3,3,2
1225,2,2,1,2,3
1226,3,3,1,1,6
1227,3,1,1,4,3
1228,2,2,1,2,3
1229,3,3,1,2,1
1230,1,3,3,3,1
1231,3,3,1,1,2
1232,2,2,2,1,4
1233,2,2,1,1,2
1234,1,1,4,4,1
1235,3,3,3,2,5
1236,3,3,1,1,2
1237,2,2,1,3,2
1238,1,1,4,4,1
1239,2,2,3,1,4
1240,3,3,1,2,3
1241,1,1,3,4,1
1242,2,1,3,3,2
1243,3,3,1,2,3
1244,3,3,1,1,4
1245,1,3,1,1,2
1246,2,2,1,2,3
1247,3,3,2,1,4
1248,2,2,2,2,3
1249,3,3,2,2,2
1250,1,1,4,4,1
1251,2,2,3,1,2
1252,3,3,2,1,2
1253,2,2,2,2,3
1254,2,2,3,2,2
1255,2,2,4,3,2
1256,1,1,3,4,1
1257,1,1,1,1,2
1258,2,2,2,2,2
1259,1,1,4,4,1
1260,2,2,2,3,2
1261,2,2,1,3,2
1262,3,3,1,2,2
1263,4,2,2,2,3
1264,3,1,2,1,1
1265,2,2,1,1,4
1266,4,4,4,4,1
1267,1,1,4,4,1
1268,3,3,3,1,2
1269,3,3,2,2,4
1270,1,1,3,3,1
1271,2,2,3,3,3
1272,4,3,2,2,2
1273,3,1,1,2,3
1274,1,1,1,2,2
1275,1,1,4,2,1
1276,4,1,4,4,1
1277,3,3,3,1,2
1278,4,1,3,3,4
1279,2,2,1,3,1
1280,4,1,1,1,3
1281,2,2,1,1,3
1282,3,3,1,1,3
1283,3,3,2,2,1
1284,2,2,2,2,3
1285,2,1,3,1,5
1286,1,1,4,3,1
1287,3,3,1,1,2
1288,2,1,1,2,3
1289,2,2,3,3,3
1290,1,1,2,2,2
1291,3,3,2,1,2
1292,2,2,3,1,2
1293,3,3,1,1,1
1294,3,3,1,3,2
1295,2,2,1,2,3
1296,3,3,3,3,3
1297,2,2,2,1,3
1298,1,1,3,3,1
1299,2,2,3,4,4
1300,1,1,2,1,2
1301,3,3,3,1,2
1302,2,2,2,3,1
1303,1,1,2,3,2
1304,2,2,1,1,2
1305,1,3,4,3,1
1306,2,2,3,2,1
1307,2,2,3,4,1
1308,2,2,3,2,2
1309,3,4,1,1,4
1310,3,2,3,3,3
1311,1,1,3,2,5
1312,2,2,4,4,1
1313,1,1,3,3,1
1314,3,3,2,1,2
1315,2,2,2,2,3
1316,2,1,3,4,5
1317,3,2,2,2,2
1318,2,2,4,4,2
1319,3,3,2,2,2
1320,3,3,2,2,3
1321,2,2,2,2,3
1322,1,1,3,3,1
1323,2,2,2,2,2
1324,2,2,2,2,2
1325,2,2,2,2,3
1326,2,2,2,2,2
1327,1,1,2,2,2
1328,2,2,1,2,4
1329,1,1,4,4,1
1330,2,2,1,2,3
1331,1,1,2,3,2
1332,2,2,1,4,1
1333,2,2,1,2,3
1334,3,3,2,1,1
1335,2,2,4,2,1
1336,2,2,2,2,2
1337,3,3,1,1,2
1338,3,1,3,2,3
1339,2,2,1,1,2
1340,1,1,2,4,1
1341,1,1,4,3,1
1342,1,1,3,4,1
1343,3,3,3,1,2
1344,1,2,3,3,2
1345,3,1,3,2,3
1346,3,3,2,2,2
1347,2,2,3,2,1
1348,2,2,2,2,1
1349,3,3,2,1,2
1350,3,3,1,1,3
1351,2,2,1,1,2
1352,2,2,3,2,2
1353,2,2,2,1,3
1354,1,1,2,2,2
1355,3,1,2,1,7
1356,1,1,4,4,1
1357,1,1,3,4,1
1358,3,4,3,3,1
1359,2,2,2,2,2
1360,2,2,2,2,5
1361,2,2,1,1,2
1362,3,3,1,1,2
1363,2,2,3,3,3
1364,1,1,1,2,1
1365,3,3,1,1,3
1366,2,2,1,1,5
1367,1,1,3,4,1
1368,3,3,1,1,1
1369,1,2,2,1,6
1370,3,3,1,1,2
1371,1,1,3,3,1
1372,1,1,3,4,1
1373,1,1,3,4,1
1374,3,3,1,1,1
1375,2,3,2,1,4
1376,1,3,3,3,2
1377,3,3,1,1,2
1378,2,2,2,2,3
1379,2,2,2,2,3
1380,1,2,3,2,2
1381,3,3,4,2,2
1382,1,1,2,2,2
1383,2,2,2,2,4
1384,2,2,1,1,7
1385,4,1,3,2,4
1386,2,2,1,2,3
1387,4,4,4,4,1
1388,3,2,1,2,6
1389,4,1,1,2,1
1390,3,3,1,1,2
1391,2,2,2,2,2
1392,2,2,1,2,5
1393,3,3,2,2,2
1394,2,2,2,3,3
1395,3,3,3,1,6
1396,2,1,3,1,2
1397,2,2,1,2,3
1398,2,2,1,2,3
1399,3,3,1,1,2
1400,2,2,1,2,1
1401,2,1,3,1,7
1402,2,2,2,1,2
1403,3,3,1,1,2
1404,1,4,3,2,1
1405,2,2,2,2,6
1406,2,2,2,2,2
1407,2,1,2,2,1
1408,2,2,2,2,1
1409,1,1,3,3,1
1410,1,1,1,1,3
1411,1,1,4,4,1
1412,1,3,1,2,2
1413,3,1,4,4,1
1414,3,3,3,3,2
1415,2,2,3,3,2
1416,2,2,1,1,2
1417,2,2,3,1,3
1418,2,2,3,3,2
1419,1,1,4,4,1
1420,1,1,2,3,1
1421,2,3,3,3,3
1422,4,1,3,4,1
1423,1,1,3,1,1
1424,2,2,1,2,3
1425,1,1,3,2,1
1426,1,1,4,4,1
1427,2,2,2,2,3
1428,1,1,3,4,1
1429,3,3,4,4,1
1430,2,2,1,1,4
1431,3,3,3,3,2
1432,2,2,1,2,3
1433,2,2,3,1,3
1434,2,2,3,2,2
1435,2,3,2,2,2
1436,2,2,1,1,3
1437,1,1,4,3,1
1438,3,1,1,3,1
1439,2,2,1,1,3
1440,2,2,2,3,4
1441,3,3,1,1,2
1442,2,2,1,1,3
1443,1,1,1,3,1
1444,1,1,4,4,1
1445,3,3,1,1,2
1446,1,1,4,4,1
1447,1,1,2,3,1
1448,1,1,3,2,1
1449,3,3,2,2,3
1450,1,1,4,4,1
1451,1,2,3,2,4
1452,2,2,3,2,2
1453,2,2,3,4,1
1454,3,3,1,1,1
1455,2,3,2,2,3
1456,1,1,3,4,4
1457,1,1,4,3,1
1458,1,1,2,4,1
1459,2,2,2,2,1
1460,3,3,3,2,2
1461,3,3,1,2,3
1462,2,2,3,2,2
1463,1,1,1,1,2
1464,1,3,3,3,1
1465,2,2,2,2,3
1466,2,2,3,2,2
1467,2,2,2,1,4
1468,3,3,2,3,3
1469,3,3,3,1,6
1470,2,2,2,2,2
1471,2,1,3,1,6
1472,2,2,2,3,3
1473,2,2,1,1,1
1474,2,2,2,1,4
1475,2,2,2,2,3
1476,3,3,1,1,2
1477,4,4,4,4,1
1478,1,3,4,4,1
1479,2,2,1,1,3
1480,3,3,2,2,2
1481,2,2,2,2,1
1482,3,3,1,1,2
1483,1,1,4,4,1
1484,3,2,2,1,2
1485,2,3,3,1,3
1486,2,3,3,4,2
1487,2,2,1,2,3
1488,2,2,3,2,1
1489,1,1,3,3,1
1490,2,2,4,2,3
1491,2,2,3,2,2
1492,2,3,2,2,5
1493,3,2,3,3,2
1494,3,3,3,3,2
1495,2,2,2,2,3
1496,2,2,1,2,3
1497,1,1,3,3,1
1498,2,2,2,2,2
1499,1,1,1,2,2
1500,3,2,1,1,3
1501,2,2,3,3,3
1502,3,3,2,1,4
1503,3,3,3,3,1
1504,3,3,1,1,1
1505,1,1,1,3,2
1506,2,2,3,3,2
1507,1,3,1,2,3
1508,2,2,1,1,3
1509,1,1,1,1,2
1510,1,1,4,4,1
1511,2,2,2,1,5
1512,1,1,1,2,2
1513,3,3,3,2,2
1514,2,2,2,2,2
1515,1,1,2,3,6
1516,4,4,3,3,1
1517,1,3,1,2,2
1518,4,1,1,2,6
1519,2,2,2,2,3
1520,1,4,2,2,3
1521,3,3,1,1,3
1522,4,3,2,2,2
1523,2,2,3,4,4
1524,3,3,1,1,1
1525,2,2,3,2,4
1526,2,2,2,2,5
1527,1,2,2,2,3
1528,1,1,2,1,2
1529,1,1,4,4,1
1530,2,2,3,3,1
1531,1,1,1,1,6
1532,2,2,3,1,2
1533,2,2,1,1,2
1534,2,2,3,3,5
1535,1,1,2,1,2
1536,3,3,1,1,2
1537,2,2,3,2,4
1538,1,1,3,3,1
1539,1,1,1,1,2
1540,2,2,2,2,2
1541,1,1,1,3,1
1542,3,3,1,1,1
1543,2,2,3,4,1
1544,1,2,1,2,2
1545,2,2,1,2,4
1546,1,1,1,3,2
1547,2,2,2,3,2
1548,2,2,3,2,3
1549,2,2,2,2,3
1550,1,1,3,3,2
1551,2,2,3,2,2
1552,1,1,1,1,3
1553,3,1,1,2,2
1554,2,2,1,1,2
1555,2,2,1,1,5
1556,1,1,3,1,2
1557,1,1,1,1,2
1558,2,2,2,3,3
1559,2,2,3,1,3
1560,1,2,2,1,3
1561,3,3,2,3,1
1562,2,3,3,3,2
1563,1,1,3,2,1
1564,2,2,3,2,2
1565,3,3,3,3,3
1566,4,4,4,1,1
1567,2,2,1,3,4
1568,1,4,3,1,2
1569,4,1,1,2,3
1570,4,4,4,3,1
1571,1,1,1,2,2
1572,3,3,1,1,3
1573,2,2,3,1,4
1574,1,1,3,3,1
1575,2,2,3,2,1
1576,2,2,1,1,4
1577,3,3,3,4,1
1578,3,1,2,2,2
1579,3,2,2,1,2
1580,1,1,3,3,1
1581,2,2,3,3,1
1582,2,2,1,1,2
1583,4,4,4,3,1
1584,2,3,1,1,1
1585,3,3,1,1,1
1586,1,3,2,1,4
1587,2,2,2,1,3
1588,4,1,3,3,3
1589,1,1,4,3,1
1590,3,3,3,4,1
1591,1,3,1,1,2
1592,2,2,1,2,2
1593,1,1,3,4,1
1594,2,2,1,2,3
1595,3,1,3,2,2
1596,2,2,3,2,1
1597,2,2,1,4,2
1598,2,2,3,3,3
1599,2,2,1,1,6
1600,3,1,2,2,2
1601,2,2,2,2,2
1602,2,2,2,2,2
1603,2,2,2,3,2
1604,2,2,2,2,2
1605,2,1,3,2,2
1606,2,2,1,3,1
1607,2,2,3,2,2
1608,3,3,1,1,2
1609,3,1,1,2,2
1610,2,2,3,3,2
1611,2,2,2,2,2
1612,4,1,1,3,2
1613,1,1,2,1,2
1614,3,3,1,3,1
1615,2,2,3,2,1
1616,4,4,4,4,1
1617,2,2,3,2,3
1618,1,1,2,2,1
1619,1,2,3,3,3
1620,2,2,2,1,3
1621,1,1,2,1,2
1622,2,2,2,3,2
1623,3,2,2,2,3
1624,3,2,1,2,3
1625,3,3,1,1,2
1626,1,1,1,1,2
1627,1,1,1,2,2
1628,2,2,1,3,1
1629,2,2,3,3,3
1630,2,2,1,1,2
1631,2,2,2,3,2
1632,2,2,1,2,3
1633,3,3,1,1,2
1634,3,3,2,1,3
1635,2,2,1,1,2
1636,2,2,1,1,4
1637,2,2,4,4,1
1638,2,2,1,1,2
1639,2,2,3,1,2
1640,2,2,3,3,1
1641,1,1,4,3,1
1642,3,3,4,2,1
1643,2,2,2,2,3
1644,3,3,3,2,3
1645,2,2,3,2,3
1646,2,2,2,1,3
1647,1,1,1,1,1
1648,2,1,2,1,7
1649,3,3,1,1,3
1650,2,2,2,2,2
1651,3,3,1,1,2
1652,2,2,3,2,5
1653,3,2,1,1,2
1654,2,2,3,2,2
1655,2,2,1,3,2
1656,2,1,2,1,3
1657,2,2,4,3,1
1658,2,2,4,2,1
1659,4,1,3,3,1
1660,2,2,3,2,3
1661,2,2,4,2,1
1662,1,1,2,3,1
1663,3,3,1,1,2
1664,1,1,4,4,1
1665,1,2,3,2,3
1666,4,1,2,4,1
1667,3,3,4,2,1
1668,2,2,2,1,3
1669,1,1,4,3,2
1670,3,3,1,1,1
1671,3,3,2,1,4
1672,1,1,4,4,1
1673,2,1,1,4,1
1674,1,1,2,2,2
1675,4,4,4,4,1
1676,2,2,1,1,2
1677,2,2,1,1,5
1678,3,2,2,2,2
1679,2,2,2,2,3
1680,2,2,2,2,2
1681,2,2,3,1,4
1682,2,2,3,3,2
1683,2,2,3,2,5
1684,2,2,3,3,3
1685,3,1,2,1,2
1686,2,2,2,1,2
1687,2,2,1,1,2
1688,2,2,3,3,1
1689,3,3,1,1,2
1690,2,2,2,2,3
1691,3,3,3,3,2
1692,3,3,1,1,6
1693,2,2,2,1,3
1694,2,2,2,1,3
1695,2,3,3,2,3
1696,3,3,2,2,1
1697,2,2,2,3,2
1698,1,1,4,4,1
1699,2,2,3,3,1
1700,2,2,1,1,1
1701,3,3,2,4,2
1702,3,3,1,1,2
1703,2,2,1,1,4
1704,1,1,1,1,1
1705,4,1,3,2,4
1706,3,3,2,2,2
1707,3,2,1,1,2
1708,2,2,3,2,2
1709,2,2,2,3,2
1710,4,1,2,1,1
1711,2,2,2,3,3
1712,2,2,2,2,1
1713,3,3,1,2,1
1714,2,2,2,2,3
1715,1,1,2,1,7
1716,2,2,4,3,2
1717,3,1,3,3,1
1718,2,2,3,1,6
1719,4,1,2,1,6
1720,3,3,2,1,3
1721,2,2,4,3,2
1722,1,1,2,2,2
1723,3,3,2,2,2
1724,2,2,2,2,1
1725,3,3,2,1,5
1726,4,1,2,2,3
1727,2,1,3,3,3
1728,2,2,3,1,2
1729,1,1,3,1,3
1730,1,1,3,4,1
1731,1,1,3,4,1
1732,1,1,4,4,1
1733,3,3,3,3,1
1734,3,3,1,1,2
1735,1,1,4,4,1
1736,3,2,2,2,3
1737,2,2,2,2,2
1738,2,1,3,2,3
1739,1,1,4,4,1
1740,1,3,3,1,3
1741,3,3,1,1,5
1742,2,2,2,2,3
1743,3,3,3,3,1
1744,3,3,1,1,2
1745,3,3,2,1,2
1746,2,2,3,2,2
1747,3,3,1,3,2
1748,3,3,1,2,3
1749,2,2,3,2,2
1750,2,2,2,2,3
1751,2,2,2,2,4
1752,3,3,1,2,2
1753,2,2,3,3,3
1754,2,2,2,1,3
1755,2,2,4,4,1
1756,2,2,2,2,2
1757,3,3,2,2,1
1758,2,2,1,3,2
1759,4,4,3,4,2
1760,3,3,2,2,1
1761,2,2,1,3,3
1762,3,3,1,1,2
1763,2,2,1,1,5
1764,1,1,3,3,2
1765,3,3,2,2,3
1766,2,2,1,1,3
1767,2,2,4,3,1
1768,1,1,2,3,1
1769,2,2,1,1,3
1770,3,3,3,3,2
1771,3,2,2,2,4
1772,2,2,2,2,2
1773,1,4,3,2,2
1774,2,2,1,2,2
1775,4,4,4,4,1
1776,2,2,1,1,3
1777,3,3,2,2,2
1778,3,3,2,1,1
1779,3,1,2,4,2
1780,1,1,4,2,1
1781,3,3,1,1,2
1782,1,4,2,1,3
1783,1,3,2,2,2
1784,2,2,1,1,5
1785,2,2,1,2,3
1786,1,1,2,2,1
1787,1,1,2,2,1
1788,3,3,3,3,2
1789,2,2,1,1,2
1790,2,2,1,2,2
1791,1,2,2,2,2
1792,3,3,1,1,2
1793,2,2,2,1,3
1794,1,1,4,4,1
1795,2,2,1,1,2
1796,2,2,3,2,1
1797,3,3,2,1,2
1798,2,2,3,2,1
1799,1,1,3,2,3
1800,2,3,2,2,2
1801,2,2,3,2,2
1802,3,3,1,1,2
1803,1,1,2,3,1
1804,1,2,1,1,3
1805,2,2,2,2,2
1806,2,2,1,1,5
1807,2,2,1,1,2
1808,2,3,3,3,1
1809,1,2,3,3,3
1810,2,1,3,3,4
1811,2,1,1,1,7
1812,3,3,2,2,2
1813,2,2,2,2,2
1814,1,4,3,3,1
1815,3,3,2,2,3
1816,3,3,1,2,2
1817,1,1,3,3,1
1818,1,1,2,3,1
1819,1,1,4,4,1
1820,1,1,1,2,2
1821,2,2,2,3,3
1822,3,3,1,1,1
1823,1,1,2,3,2
1824,3,1,4,4,1
1825,2,2,1,1,3
1826,3,3,3,3,1
1827,1,1,4,4,1
1828,2,1,2,1,5
1829,2,2,3,1,2
1830,3,2,2,2,3
1831,3,2,2,2,1
1832,2,2,1,4,3
1833,1,1,4,4,1
1834,2,2,1,1,2
1835,3,3,1,1,2
1836,3,1,2,2,5
1837,1,1,3,4,1
1838,1,3,2,3,1
1839,3,3,2,2,3
1840,1,1,2,3,3
1841,3,1,2,1,7
1842,2,2,3,2,2
1843,2,3,1,2,2
1844,4,2,1,2,3
1845,2,2,3,3,3
1846,2,2,2,2,3
1847,1,1,3,3,2
1848,2,2,1,2,2
1849,1,4,1,2,4
1850,3,3,1,2,2
1851,2,2,2,3,4
1852,3,3,2,2,2
1853,2,2,3,1,3
1854,2,2,2,2,2
1855,2,2,1,3,3
1856,2,2,3,2,3
1857,1,1,2,2,1
1858,3,3,1,2,3
1859,2,2,1,2,2
1860,2,2,1,3,3
1861,2,2,2,2,4
1862,1,1,4,2,1
1863,2,2,1,2,4
1864,2,2,2,2,2
1865,1,1,3,3,1
1866,2,2,4,3,2
1867,3,2,3,3,2
1868,3,3,3,3,1
1869,2,2,3,3,2
1870,2,2,3,3,2
1871,1,1,2,1,2
1872,2,2,4,2,2
1873,2,2,1,2,3
1874,3,3,3,3,1
1875,3,3,3,2,3
1876,2,2,1,2,4
1877,3,2,1,2,1
1878,2,2,1,3,3
1879,2,2,4,4,3
1880,3,3,1,1,2
1881,2,2,2,1,2
1882,2,2,2,1,3
1883,3,3,3,3,1
1884,3,3,3,1,2
1885,2,2,4,1,4
1886,2,2,2,1,3
1887,3,3,2,2,2
1888,2,2,2,1,3
1889,2,2,3,3,2
1890,3,1,3,3,1
1891,2,2,2,2,2
1892,1,3,1,1,6
1893,2,2,4,4,1
1894,1,1,3,2,1
1895,3,3,3,1,2
1896,2,2,1,1,3
1897,3,2,1,2,3
1898,3,3,3,3,2
1899,3,3,1,1,2
1900,3,3,1,1,3
1901,2,2,1,2,4
1902,2,2,3,3,3
1903,2,2,2,1,2
1904,3,3,2,1,3
1905,1,1,1,2,6
1906,2,2,2,1,4
1907,1,4,4,4,1
1908,2,2,1,2,2
1909,3,2,3,3,2
1910,4,1,4,4,1
1911,2,2,2,1,3
1912,1,1,2,2,2
1913,3,3,1,2,2
1914,2,2,1,3,3
1915,2,1,2,2,2
1916,3,3,1,3,2
1917,2,2,1,1,6
1918,1,1,3,2,3
1919,2,2,2,2,2
1920,2,2,1,1,3
1921,2,2,1,1,3
1922,2,2,1,1,3
1923,2,2,3,2,3
1924,2,2,1,1,3
1925,2,2,3,3,2
1926,2,2,1,2,2
1927,2,2,2,2,2
1928,2,2,3,3,3
1929,3,3,1,4,1
1930,3,3,1,1,2
1931,2,2,2,2,2
1932,2,2,2,4,4
1933,3,2,1,1,4
1934,2,2,2,3,2
1935,1,1,3,3,1
1936,4,4,4,4,1
1937,1,1,3,3,1
1938,2,2,3,3,3
1939,2,2,3,2,3
1940,3,3,3,3,2
1941,2,1,4,4,4
1942,2,2,1,2,3
1943,2,2,2,1,6
1944,3,3,1,2,3
1945,2,2,2,2,3
1946,2,2,2,2,2
1947,1,1,3,2,2
1948,2,2,3,1,4
1949,3,2,4,3,1
1950,3,3,2,2,2
1951,2,2,3,3,3
1952,1,2,1,1,3
1953,2,2,2,2,3
1954,2,2,2,2,1
1955,1,2,2,3,2
1956,2,2,1,3,5
1957,2,2,2,2,1
1958,2,2,1,3,2
1959,4,1,4,4,1
1960,3,3,1,1,2
1961,4,4,4,4,1
1962,3,3,4,4,1
1963,3,3,3,1,3
1964,1,1,4,4,3
1965,1,1,2,1,2
1966,2,2,4,4,1
1967,2,2,1,1,4
1968,2,3,2,4,3
1969,2,2,3,3,2
1970,1,1,2,3,2
1971,1,1,2,2,1
1972,3,3,1,1,2
1973,3,1,1,2,1
1974,3,3,2,1,1
1975,3,3,3,2,1
1976,3,3,1,1,1
1977,2,2,4,4,1
1978,1,1,3,3,1
1979,4,3,2,2,2
1980,3,3,1,1,4
1981,1,1,4,3,1
1982,2,2,2,2,3
1983,2,2,4,2,3
1984,2,2,3,3,1
1985,2,2,1,1,2
1986,2,1,1,2,3
1987,1,2,3,3,2
1988,2,2,2,2,4
1989,1,1,4,4,1
1990,2,2,2,1,3
1991,2,2,3,3,3
1992,1,1,2,2,4
1993,2,2,2,2,2
1994,3,3,1,1,3
1995,3,3,1,1,2
1996,2,2,1,1,3
1997,3,3,1,1,2
1998,1,1,3,3,5
1999,2,2,1,1,4
2000,3,2,1,2,3
2001,3,3,1,1,2
2002,1,1,4,4,1
2003,3,1,2,2,1
2004,3,3,3,1,2
2005,2,3,2,2,2
2006,1,1,1,1,2
2007,1,1,3,2,1
2008,2,2,1,2,3
2009,2,2,3,2,1
2010,3,3,3,1,4
2011,2,2,4,4,1
2012,1,2,3,2,2
2013,3,3,1,1,2
2014,1,1,2,1,3
2015,2,2,3,3,2
2016,3,3,3,4,2
2017,3,3,2,2,1
2018,2,2,4,4,1
2019,2,2,1,1,3
2020,1,1,4,4,1
2021,2,2,3,3,2
2022,2,2,2,2,2
2023,2,2,1,2,3
2024,2,2,1,1,5
2025,2,3,2,2,2
2026,3,2,2,2,3
2027,2,2,3,2,3
2028,3,3,1,1,2
2029,2,2,3,3,3
2030,3,2,1,2,1
2031,2,2,3,3,3
2032,3,3,1,1,3
2033,3,3,3,4,2
2034,3,3,1,1,2
2035,2,2,1,3,3
2036,3,3,2,1,2
2037,2,2,2,2,3
2038,2,2,2,1,3
2039,2,2,2,1,3
2040,2,2,1,2,3
2041,2,2,3,2,2
2042,1,1,4,4,1
2043,2,2,3,3,4
2044,2,2,3,2,2
2045,2,2,2,3,3
2046,1,3,3,2,2
2047,2,2,2,2,3
2048,3,3,1,1,6
2049,2,2,2,1,6
2050,2,2,4,2,2
2051,3,3,2,1,2
2052,2,2,1,2,5
2053,3,3,2,2,2
2054,2,2,2,2,2
2055,2,2,2,2,1
2056,4,4,4,4,1
2057,1,2,3,4,1
2058,1,3,1,1,2
2059,2,2,3,3,4
2060,3,3,2,1,2
2061,2,2,1,1,4
2062,2,2,3,3,3
2063,2,2,3,3,3
2064,1,1,1,3,2
2065,2,2,2,2,2
2066,1,1,4,3,3
2067,2,2,3,2,3
2068,1,1,2,3,1
2069,3,3,1,1,3
2070,1,2,2,2,2
2071,2,2,1,2,5
2072,1,3,4,4,1
2073,2,3,1,1,2
2074,1,1,2,1,2
2075,1,1,4,4,1
2076,2,2,2,2,3
2077,2,2,3,3,2
2078,2,1,3,1,5
2079,2,2,3,2,2
2080,2,2,1,3,3
2081,2,2,3,2,3
2082,3,1,2,1,3
2083,1,1,1,3,6
2084,2,2,2,1,3
2085,3,1,2,2,2
2086,1,1,3,1,1
2087,1,3,1,1,2
2088,1,1,4,4,1
2089,2,2,3,1,2
2090,2,2,1,3,4
2091,2,2,2,1,2
2092,2,2,2,2,2
2093,2,2,4,4,1
2094,3,3,1,1,6
2095,2,2,2,1,3
2096,2,2,1,1,3
2097,1,1,2,4,1
2098,2,2,1,1,3
2099,1,1,3,3,2
2100,1,1,1,2,2
2101,2,2,2,1,2
2102,3,3,1,2,1
2103,2,2,1,2,4
2104,3,3,2,2,4
2105,3,3,1,1,3
2106,2,2,3,1,6
2107,3,2,2,1,5
2108,2,2,1,2,3
2109,1,1,1,2,2
2110,2,2,2,1,2
2111,3,3,1,1,2
2112,2,2,2,2,3
2113,2,4,1,1,3
2114,2,2,3,2,2
2115,2,4,1,2,2
2116,2,2,2,4,2
2117,2,2,1,1,3
2118,2,2,2,2,3
2119,3,3,2,2,2
2120,1,1,2,1,1
2121,2,2,1,2,3
2122,1,1,2,2,2
2123,2,2,2,3,1
2124,2,2,3,2,3
2125,3,3,2,2,2
2126,3,3,2,2,1
2127,1,1,2,1,3
2128,2,2,3,2,5
2129,1,1,1,1,5
2130,2,2,3,3,2
2131,2,2,1,2,3
2132,3,1,3,3,2
2133,3,3,1,2,5
2134,2,1,1,3,3
2135,2,2,1,2,4
2136,1,1,4,4,1
2137,3,3,1,2,2
2138,2,2,1,2,3
2139,2,2,3,2,1
2140,2,2,3,2,1
2141,3,3,1,3,1
2142,2,2,1,1,2
2143,2,2,3,3,2
2144,1,1,2,3,4
2145,2,2,3,3,1
2146,1,3,1,1,4
2147,2,2,2,2,2
2148,3,3,1,1,6
2149,1,1,3,4,1
2150,2,2,1,1,3
2151,3,3,1,3,3
2152,2,2,3,2,3
2153,3,3,1,1,2
2154,3,3,2,2,2
2155,1,1,3,4,1
2156,2,2,1,1,1
2157,1,1,4,4,1
2158,3,3,1,1,1
2159,2,2,3,4,2
2160,1,1,4,1,5
2161,2,2,3,3,3
2162,2,2,1,2,5
2163,2,2,2,2,1
2164,2,2,3,1,3
2165,1,1,1,1,2
2166,2,2,2,2,2
2167,3,3,1,1,3
2168,2,2,2,2,2
2169,2,2,2,3,3
2170,2,2,3,4,1
2171,2,2,1,1,3
2172,3,3,3,3,2
2173,2,2,2,3,4
2174,2,2,2,1,3
2175,2,2,2,3,1
2176,2,2,1,1,3
2177,1,1,4,1,7
2178,2,2,1,1,3
2179,2,2,3,2,2
2180,3,3,1,1,3
2181,2,2,3,3,1
2182,1,3,3,3,1
2183,2,2,1,2,3
2184,2,2,1,1,3
2185,3,1,1,1,7
2186,2,2,2,2,3
2187,4,4,4,4,1
2188,2,2,4,4,1
2189,1,1,1,2,2
2190,3,3,2,1,2
2191,1,1,4,4,1
2192,3,3,1,1,3
2193,2,2,2,2,2
2194,1,1,3,2,1
2195,1,1,2,2,1
2196,2,2,2,1,3
2197,2,2,1,1,2
2198,3,3,1,1,6
2199,3,2,3,2,2
2200,1,1,4,3,1
2201,1,1,2,1,2
2202,3,3,2,1,1
2203,3,2,3,3,3
2204,1,1,3,1,2
2205,3,3,1,2,2
2206,1,1,4,4,1
2207,2,2,2,1,3
2208,2,4,2,3,6
2209,1,1,3,3,1
2210,2,2,2,3,3
2211,2,2,2,1,2
2212,3,3,3,3,2
2213,3,3,1,3,3
2214,3,3,1,2,1
2215,2,2,1,2,2
2216,1,1,2,2,2
2217,3,3,1,1,2
2218,3,3,1,1,4
2219,3,1,4,4,1
2220,1,1,4,4,1
2221,3,3,1,1,1
2222,4,4,2,2,2
2223,1,1,2,2,1
2224,3,4,1,1,3
2225,2,2,2,3,2
2226,1,1,4,4,1
2227,2,2,2,3,2
2228,3,3,1,2,2
2229,2,2,1,1,3
2230,3,3,3,1,2
2231,3,3,1,2,3
2232,2,2,3,2,6
2233,2,2,1,2,2
2234,2,2,1,1,3
2235,1,3,2,2,3
2236,2,2,3,2,2
2237,4,1,1,3,5
2238,1,3,3,1,2
2239,2,2,2,3,2
2240,2,2,2,2,1
2241,3,3,2,1,6
2242,3,3,1,1,2
2243,2,2,1,1,3
2244,3,3,3,1,3
2245,2,1,3,1,2
2246,3,3,1,1,1
2247,2,2,3,1,2
2248,3,3,2,1,2
2249,4,1,4,4,1
2250,2,2,2,4,3
2251,3,3,4,4,1
2252,3,3,2,2,2
2253,3,3,3,1,6
2254,4,3,2,2,5
2255,2,2,3,3,1
2256,3,3,2,3,2
2257,2,2,2,2,3
2258,1,1,2,2,2
2259,2,2,2,3,3
2260,2,2,2,1,2
2261,2,2,3,3,4
2262,1,1,4,3,1
2263,3,3,1,1,3
2264,3,3,1,1,2
2265,1,3,3,1,2
2266,1,4,1,1,1
2267,3,3,1,1,3
2268,1,3,1,2,2
2269,2,3,2,2,3
2270,2,2,1,1,3
2271,3,3,1,2,3
2272,2,2,2,2,3
2273,2,2,3,3,3
2274,1,1,3,2,2
2275,3,3,1,1,1
2276,2,2,2,3,3
2277,2,2,3,2,1
2278,2,2,1,1,2
2279,2,2,1,1,2
2280,3,3,4,1,1
2281,2,2,2,2,2
2282,3,3,1,2,3
2283,2,2,3,2,2
2284,3,3,2,1,2
2285,1,1,3,3,1
2286,4,4,4,3,1
2287,1,1,1,2,2
2288,3,2,3,1,3
2289,2,2,2,1,3
2290,2,2,2,1,2
2291,1,1,4,4,1
2292,2,2,2,1,3
2293,2,2,3,2,3
2294,2,2,1,2,2
2295,2,2,1,2,3
2296,3,3,2,1,2
2297,2,2,1,2,4
2298,1,1,2,3,3
2299,1,1,2,4,1
2300,2,2,1,2,3
2301,1,3,1,1,2
2302,2,2,3,1,5
2303,1,1,2,2,2
2304,2,2,2,3,1
2305,4,4,3,4,1
2306,1,1,4,4,1
2307,2,1,2,1,7
2308,2,2,2,2,2
2309,2,2,1,2,1
2310,3,3,1,1,3
2311,2,2,2,2,3
2312,2,2,2,1,2
2313,3,3,2,1,2
2314,1,1,2,2,2
2315,3,3,1,2,2
2316,3,3,1,1,2
2317,2,2,1,1,2
2318,3,1,4,4,1
2319,2,2,2,1,2
2320,2,2,1,1,4
2321,2,2,1,1,3
2322,2,2,2,2,4
2323,4,1,3,3,2
2324,1,1,4,2,1
2325,3,3,1,2,2
2326,2,2,2,2,1
2327,1,1,2,1,2
2328,2,2,2,4,2
2329,3,3,1,1,2
2330,2,2,3,2,1
2331,4,2,4,4,1
2332,3,2,2,1,2
2333,3,1,1,2,1
2334,2,2,3,2,2
2335,1,1,4,3,1
2336,3,3,2,1,2
2337,2,2,3,2,2
2338,2,2,1,2,3
2339,3,3,1,1,1
2340,3,3,4,3,2
2341,1,1,2,2,2
2342,1,2,2,3,3
2343,2,2,3,3,2
2344,2,2,2,2,5
2345,2,2,1,1,3
2346,2,2,2,1,2
2347,2,2,1,2,2
2348,2,2,1,1,3
2349,1,1,3,3,3
2350,2,2,1,1,2
2351,2,2,1,1,2
2352,2,2,3,3,2
2353,3,3,1,1,2
2354,4,1,2,2,3
2355,1,1,2,2,5
2356,2,1,1,1,2
2357,1,1,4,3,2
2358,2,2,2,2,3
2359,2,3,3,3,5
2360,2,2,2,2,2
2361,2,2,1,1,3
2362,2,2,3,1,3
2363,2,2,2,1,3
2364,3,1,3,3,2
2365,2,2,3,3,1
2366,2,3,2,2,1
2367,2,3,4,4,1
2368,2,2,3,1,3
2369,2,2,2,2,4
2370,2,1,4,2,4
2371,2,2,3,2,1
2372,3,2,3,3,1
2373,1,4,4,4,1
2374,1,1,4,4,1
2375,2,2,1,1,3
2376,3,3,2,2,4
2377,3,3,4,1,1
2378,1,1,4,4,1
2379,1,1,4,4,1
2380,2,2,1,2,2
2381,2,2,4,4,1
2382,4,4,2,2,1
2383,3,1,3,2,6
2384,3,3,2,2,2
2385,2,2,1,1,3
2386,2,2,2,2,3
2387,2,2,2,2,4
2388,2,2,2,2,3
2389,2,2,1,1,2
2390,3,3,2,1,2
2391,3,3,1,1,2
2392,3,3,2,2,3
2393,2,2,2,2,2
2394,3,3,2,4,4
2395,1,1,1,3,2
2396,2,2,2,1,2
2397,2,3,2,2,3
2398,2,2,4,4,1
2399,2,2,1,2,3
2400,2,2,2,3,3
2401,3,3,1,1,2
2402,2,2,1,2,3
2403,2,2,1,1,4
2404,2,2,3,3,2
2405,1,1,4,2,1
2406,1,3,2,3,2
2407,1,1,4,4,1
2408,3,3,1,1,2
2409,2,2,2,3,5
2410,2,2,1,1,3
2411,1,1,4,4,1
2412,2,2,1,1,2
2413,3,3,1,1,2
2414,3,3,1,1,1
2415,2,1,3,1,3
2416,2,2,3,2,1
2417,2,2,2,1,5
2418,3,1,3,1,2
2419,1,1,3,3,1
2420,3,3,1,1,1
2421,2,2,3,2,2
2422,1,1,4,4,1
2423,3,2,1,2,4
2424,3,1,3,2,1
2425,3,3,1,1,2
2426,1,1,3,3,1
2427,2,2,2,1,3
2428,2,2,2,2,1
2429,3,3,1,1,2
2430,1,1,3,3,1
2431,2,2,1,2,3
2432,2,2,1,1,3
2433,2,2,2,2,2
2434,2,2,3,4,2
2435,3,3,1,2,3
2436,1,2,4,3,3
2437,1,1,4,4,1
2438,3,3,2,2,2
2439,2,2,3,3,2
2440,3,3,1,1,2
2441,1,1,4,4,1
2442,1,1,4,4,1
2443,2,2,1,1,3
2444,2,2,1,1,4
2445,3,3,1,1,2
2446,2,2,2,3,3
2447,2,2,2,1,3
2448,1,1,4,4,1
2449,2,2,1,3,2
2450,3,3,3,3,1
2451,2,2,2,2,3
2452,2,2,2,1,3
2453,1,1,2,1,6
2454,2,2,3,3,2
2455,2,2,2,3,3
2456,3,3,3,1,2
2457,2,2,1,3,2
2458,2,2,3,2,2
2459,3,2,3,2,1
2460,2,2,2,1,3
2461,1,1,2,3,2
2462,2,2,2,1,3
2463,2,2,2,2,3
2464,3,3,3,3,2
2465,2,2,1,1,3
2466,2,2,3,3,2
2467,2,2,1,2,2
2468,3,3,1,1,2
2469,1,1,2,1,2
2470,3,2,1,2,2
2471,2,2,1,2,2
2472,2,2,1,1,3
2473,3,3,1,1,4
2474,2,2,3,2,3
2475,3,1,1,1,3
2476,3,3,1,1,2
2477,2,2,3,1,3
2478,1,1,2,2,2
2479,2,2,2,2,3
2480,3,3,1,1,5
2481,1,1,4,4,1
2482,2,2,2,1,3
2483,3,3,3,2,1
2484,2,2,3,3,3
2485,2,2,2,2,2
2486,4,4,2,2,2
2487,3,1,1,2,3
2488,2,2,2,3,3
2489,3,3,3,1,3
2490,3,3,1,2,2
2491,1,3,1,2,1
2492,3,3,2,2,2
2493,1,1,2,2,2
2494,2,2,2,2,4
2495,3,3,1,1,2
2496,4,1,1,1,2
2497,2,2,1,1,3
2498,2,2,1,1,3
2499,3,3,2,1,2
2500,1,1,3,2,2
2501,4,4,1,1,3
2502,1,1,3,4,3
2503,3,3,3,2,2
2504,2,2,1,1,2
2505,2,2,1,2,4
2506,3,3,3,1,2
2507,3,1,4,4,1
2508,2,2,2,2,3
2509,2,2,2,2,3
2510,2,2,2,4,2
2511,1,1,3,3,1
2512,2,2,2,2,2
2513,4,4,4,4,1
2514,1,1,3,3,2
2515,1,4,1,2,2
2516,2,2,2,2,2
2517,2,2,1,1,3
2518,3,3,2,2,2
2519,1,1,2,1,3
2520,2,2,1,1,2
2521,2,1,1,2,3
2522,1,1,2,2,2
2523,2,2,1,2,3
2524,3,3,1,1,2
2525,3,1,2,2,1
2526,2,2,1,1,2
2527,1,1,2,2,2
2528,2,2,3,4,2
2529,2,2,2,1,2
2530,2,2,1,1,3
2531,1,1,4,3,1
2532,2,2,1,1,3
2533,1,3,2,1,3
2534,2,2,1,1,3
2535,2,2,2,3,2
2536,3,3,2,2,2
2537,2,2,2,2,2
2538,3,2,2,2,3
2539,1,2,2,1,6
2540,3,3,1,1,2
2541,2,2,2,2,3
2542,3,3,1,2,2
2543,1,1,3,2,1
2544,3,2,1,1,3
2545,4,1,4,4,1
2546,1,1,4,4,1
2547,2,2,4,3,4
2548,2,2,1,2,2
2549,1,1,3,4,1
2550,1,1,3,1,1
2551,1,1,4,4,1
2552,3,2,3,2,3
2553,4,1,2,1,3
2554,2,2,3,1,1
2555,2,2,1,2,3
2556,2,2,2,2,3
2557,2,2,2,2,1
2558,1,1,4,3,1
2559,2,2,1,1,5
2560,1,1,4,4,1
2561,3,3,2,2,2
2562,1,1,3,4,4
2563,3,3,1,1,3
2564,1,1,4,4,3
2565,1,2,3,3,2
2566,2,2,3,3,3
2567,2,2,1,2,3
2568,3,3,3,1,2
2569,2,2,3,4,3
2570,2,2,3,3,1
2571,2,2,2,1,3
2572,2,2,2,2,1
2573,2,2,2,1,3
2574,3,3,2,2,4
2575,3,3,1,1,4
2576,3,3,3,1,1
2577,1,1,4,4,1
2578,1,3,2,2,2
2579,3,1,1,1,6
2580,1,1,1,2,2
2581,2,2,2,2,3
2582,2,2,2,2,4
2583,3,3,3,2,3
2584,3,3,3,1,2
2585,3,3,3,2,2
2586,1,4,1,1,4
2587,1,1,3,4,1
2588,2,2,2,2,2
2589,2,2,3,1,1
2590,2,3,2,1,1
2591,2,2,2,3,3
2592,3,3,2,1,6
2593,2,2,3,3,4
2594,2,2,3,3,2
2595,2,2,3,2,3
2596,2,2,1,1,5
2597,2,2,3,3,3
2598,1,1,2,1,5
2599,1,1,2,2,2
2600,2,2,1,2,2
2601,2,2,1,1,2
2602,1,2,4,3,1
2603,2,2,2,1,3
2604,2,2,1,3,2
2605,3,3,2,2,3
2606,3,1,1,2,3
2607,2,1,2,2,3
2608,2,2,3,2,2
2609,2,2,1,1,2
2610,2,2,3,1,1
2611,2,2,2,3,6
2612,3,3,1,2,3
2613,1,1,3,2,2
2614,3,3,3,3,1
2615,2,2,3,2,3
2616,4,2,2,1,4
2617,2,2,3,3,2
2618,4,1,2,2,2
2619,2,2,2,2,3
2620,1,1,1,2,2
2621,2,2,3,4,1
2622,3,3,2,2,3
2623,1,1,4,4,1
2624,3,3,1,1,6
2625,3,3,2,2,1
2626,3,3,3,1,2
2627,3,3,3,3,1
2628,2,2,1,2,5
2629,2,2,2,1,3
2630,4,4,4,4,1
2631,1,1,4,4,1
2632,1,2,4,4,2
2633,1,1,2,2,2
2634,3,3,2,1,2
2635,2,2,1,1,5
2636,1,1,1,1,4
2637,2,4,1,2,4
2638,2,2,1,1,3
2639,2,2,3,2,3
2640,3,3,4,3,3
2641,2,2,3,2,2
2642,3,3,1,2,2
2643,2,2,1,1,2
2644,2,2,2,1,3
2645,2,2,1,1,3
2646,2,2,3,3,5
2647,3,1,3,2,3
2648,3,1,2,1,7
2649,2,2,3,2,5
2650,3,3,1,1,2
2651,2,2,1,1,3
2652,2,2,2,2,2
2653,2,2,1,1,2
2654,2,2,2,3,3
2655,3,3,1,1,2
2656,1,1,3,2,3
2657,2,2,3,1,3
2658,2,2,4,4,1
2659,3,2,2,2,3
2660,3,3,1,4,1
2661,2,2,1,1,2
2662,2,2,2,2,3
2663,1,1,3,1,2
2664,2,2,3,2,3
2665,2,2,3,4,2
2666,1,1,2,2,1
2667,3,1,3,1,3
2668,1,1,4,3,1
2669,2,1,1,1,7
2670,1,3,3,3,2
2671,2,2,2,2,3
2672,2,2,2,2,3
2673,2,1,2,2,2
2674,2,2,1,1,3
2675,3,3,1,1,2
2676,2,2,1,2,4
2677,2,2,3,2,4
2678,2,2,1,2,2
2679,1,1,4,4,1
2680,1,1,4,4,1
2681,2,1,1,1,2
2682,2,2,3,2,2
2683,3,3,2,3,2
2684,3,3,1,1,5
2685,2,2,4,3,2
2686,2,2,1,2,4
2687,1,3,1,2,6
2688,2,2,3,3,4
2689,3,1,4,3,1
2690,2,2,3,2,2
2691,1,1,4,4,1
2692,3,3,1,1,2
2693,2,2,1,1,3
2694,2,2,2,2,1
2695,2,2,2,2,2
2696,2,2,3,3,2
2697,3,3,2,2,1
2698,1,1,4,4,1
2699,2,2,4,2,1
2700,2,2,2,2,3
2701,3,3,1,1,2
2702,3,3,1,1,2
2703,2,2,2,2,2
2704,2,2,2,1,2
2705,2,2,2,2,2
2706,2,2,3,3,2
2707,2,2,2,2,1
2708,3,1,1,1,6
2709,2,2,3,3,3
2710,3,3,2,2,1
2711,1,1,2,1,2
2712,1,1,4,4,1
2713,2,1,3,1,2
2714,1,1,1,1,2
2715,3,2,1,1,2
2716,3,3,2,1,1
2717,1,1,1,1,2
2718,3,3,3,1,2
2719,2,2,2,3,2
2720,1,1,3,2,3
2721,4,4,2,2,1
2722,2,2,4,3,1
2723,4,1,3,2,3
2724,2,2,3,1,3
2725,2,2,1,4,3
2726,2,2,2,1,2
2727,2,4,2,2,3
2728,2,2,3,2,2
2729,1,1,3,2,3
2730,2,2,3,3,2
2731,3,2,1,1,3
2732,2,2,2,2,1
2733,2,2,1,1,3
2734,2,2,2,2,2
2735,2,2,1,1,2
2736,3,3,1,1,2
2737,3,3,3,1,3
2738,1,1,4,4,1
2739,3,1,3,2,1
2740,2,2,1,1,6
2741,2,2,2,2,3
2742,3,1,1,2,4
2743,2,2,1,2,2
2744,2,1,2,4,4
2745,2,2,2,2,4
2746,3,1,1,1,3
2747,1,1,2,2,1
2748,2,1,1,2,4
2749,2,2,2,1,3
2750,3,3,1,2,2
2751,2,2,4,1,2
2752,1,1,2,3,1
2753,2,2,3,2,2
2754,2,2,2,1,3
2755,1,1,4,4,1
2756,3,3,1,1,3
2757,3,1,4,4,1
2758,3,2,1,3,2
2759,1,1,2,2,2
2760,1,1,4,2,1
2761,1,1,2,1,2
2762,2,2,1,1,3
2763,2,2,3,3,5
2764,2,2,3,2,2
2765,3,3,1,1,6
2766,2,2,2,2,2
2767,3,3,1,1,3
2768,2,2,3,3,1
2769,2,2,2,2,3
2770,1,1,1,2,3
2771,2,2,2,2,2
2772,2,2,1,1,3
2773,2,2,1,1,2
2774,2,2,1,1,4
2775,2,3,3,2,2
2776,2,2,2,2,2
2777,2,2,1,1,3
2778,1,1,4,3,2
2779,2,2,1,2,2
2780,2,1,4,4,3
2781,3,3,1,1,1
2782,3,3,1,1,2
2783,1,1,3,4,1
2784,2,2,1,2,2
2785,2,2,2,1,4
2786,3,3,1,1,4
2787,2,2,3,2,2
2788,2,2,2,2,3
2789,1,1,4,4,1
2790,3,3,1,1,2
2791,4,1,4,3,1
2792,3,2,3,1,6
2793,2,2,1,2,2
2794,1,4,2,2,1
2795,3,3,1,1,2
2796,2,2,1,1,3
2797,3,1,3,1,1
2798,2,2,1,2,3
2799,2,2,2,2,2
2800,3,3,4,2,3
2801,2,2,1,2,2
2802,2,1,1,1,2
2803,1,1,1,3,2
2804,1,1,4,3,2
2805,1,1,4,3,5
2806,2,2,2,2,1
2807,2,2,2,1,2
2808,2,2,1,1,3
2809,2,2,1,1,3
2810,2,2,2,3,2
2811,3,3,4,4,2
2812,2,2,2,2,2
2813,2,2,2,2,4
2814,2,3,1,1,3
2815,3,1,4,1,3
2816,2,2,2,1,3
2817,3,3,1,1,2
2818,3,3,1,1,6
2819,2,2,3,2,2
2820,2,2,1,1,1
2821,2,2,3,4,2
2822,2,2,1,1,3
2823,1,1,2,2,2
2824,1,1,3,4,3
2825,3,3,1,2,2
2826,3,3,1,1,4
2827,2,2,2,2,2
2828,3,3,2,1,1
2829,1,1,2,2,2
2830,2,2,2,2,2
2831,2,2,4,3,3
2832,1,3,2,2,3
2833,3,3,1,2,3
2834,2,2,1,2,3
2835,3,3,3,3,2
2836,2,2,2,2,3
2837,2,3,2,3,2
2838,2,2,2,1,3
2839,2,2,3,3,3
2840,2,2,4,2,3
2841,2,2,1,2,2
2842,2,2,2,1,3
2843,2,2,1,1,2
2844,1,1,2,2,2
2845,2,2,3,2,4
2846,2,2,1,1,4
2847,2,1,2,2,2
2848,1,1,4,4,1
2849,3,3,3,1,1
2850,1,1,3,3,2
2851,2,2,2,3,1
2852,2,2,2,2,2
2853,3,3,1,1,2
2854,1,1,4,4,1
2855,2,2,1,1,3
2856,3,2,2,3,2
2857,2,2,2,2,3
2858,3,3,2,3,2
2859,2,2,3,1,3
2860,2,2,1,2,1
2861,3,1,3,3,3
2862,3,3,3,3,2
2863,1,1,2,2,3
2864,2,2,2,2,1
2865,2,2,3,2,1
2866,3,3,3,1,1
2867,1,3,1,1,2
2868,3,3,2,2,1
2869,2,2,2,1,2
2870,2,2,1,3,1
2871,2,2,4,4,1
2872,2,2,3,2,2
2873,2,2,3,3,4
2874,2,2,1,1,3
2875,1,1,4,4,1
2876,2,2,2,2,2
2877,2,2,2,2,3
2878,1,3,2,2,2
2879,2,2,2,2,3
2880,1,1,3,4,1
2881,2,2,3,3,2
2882,1,1,3,3,2
2883,1,1,3,2,1
2884,2,2,3,3,2
2885,2,2,2,1,2
2886,1,1,3,4,2
2887,4,1,3,3,2
2888,4,1,3,1,3
2889,2,2,3,2,1
2890,4,4,2,2,2
2891,2,2,3,3,1
2892,1,2,3,4,5
2893,3,3,3,3,2
2894,2,2,2,1,3
2895,1,1,3,3,2
2896,2,2,1,1,2
2897,3,3,1,1,2
2898,2,2,3,3,3
2899,2,2,3,3,1
2900,1,3,2,2,2
2901,1,3,3,1,2
2902,2,2,2,3,1
2903,3,3,3,2,2
2904,3,3,1,1,3
2905,2,1,1,2,2
2906,3,3,2,1,2
2907,1,1,3,3,1
2908,3,3,2,1,1
2909,2,2,3,2,3
2910,2,2,1,1,4
2911,1,1,3,2,2
2912,2,2,2,2,4
2913,2,2,2,2,1
2914,4,4,1,3,2
2915,1,1,2,1,2
2916,3,3,1,1,6
2917,2,2,1,1,2
2918,3,3,1,1,3
2919,2,2,2,2,6
2920,3,3,2,1,3
2921,1,1,2,3,1
2922,3,3,1,1,2
2923,2,2,1,2,3
2924,3,2,4,4,1
2925,2,2,3,1,5
2926,2,2,2,1,4
2927,2,2,2,1,3
2928,2,2,1,2,2
2929,1,1,3,4,1
2930,2,2,3,4,2
2931,3,3,1,2,1
2932,3,3,2,1,6
2933,2,2,2,2,3
2934,1,3,1,2,2
2935,2,2,1,2,3
2936,3,3,1,1,1
2937,3,1,3,1,1
2938,3,3,2,2,2
2939,2,2,1,2,1
2940,1,1,2,1,6
2941,1,3,1,1,2
2942,1,1,3,3,3
2943,2,2,1,1,3
2944,2,2,2,1,3
2945,2,2,1,1,2
2946,1,1,3,2,1
2947,3,3,4,4,1
2948,3,1,3,1,2
2949,1,1,4,1,1
2950,2,3,2,1,3
2951,2,2,2,1,2
2952,1,1,3,4,2
2953,2,1,1,1,3
2954,4,1,4,3,1
2955,1,1,3,2,6
2956,3,3,1,1,5
2957,1,1,4,4,1
2958,2,2,2,1,3
2959,1,1,3,3,1
2960,4,4,4,3,1
2961,2,2,1,1,3
2962,3,1,4,3,1
2963,2,2,1,3,1
2964,3,3,2,1,2
2965,2,2,2,2,2
2966,2,2,2,2,3
2967,3,3,1,1,3
2968,1,1,3,4,5
2969,2,2,1,1,3
2970,3,3,1,1,1
2971,2,2,3,4,1
2972,2,2,1,2,2
2973,1,1,4,2,2
2974,2,2,1,2,3
2975,2,2,2,1,1
2976,3,3,1,1,1
2977,1,1,4,4,1
2978,3,1,1,1,7
2979,1,4,3,1,6
2980,3,3,1,1,2
2981,2,2,3,2,1
2982,1,1,4,3,1
2983,2,2,2,2,3
2984,2,1,1,1,2
2985,2,1,2,1,7
2986,2,2,1,2,3
2987,2,2,1,1,2
2988,2,2,2,1,2
2989,2,2,3,2,1
2990,2,2,1,1,3
2991,1,1,1,1,1
2992,1,3,2,1,6
2993,1,1,3,2,1
2994,3,3,2,3,2
2995,2,2,2,1,4
2996,2,2,1,1,5
2997,1,1,3,3,3
2998,3,3,4,2,2
2999,2,2,3,3,1
3000,2,2,3,1,3
3001,2,2,2,1,2
3002,2,2,2,2,3
3003,2,2,1,1,3
3004,1,1,2,2,1
3005,1,1,4,4,1
3006,2,2,2,2,2
3007,1,1,4,4,1
3008,2,2,1,1,3
3009,2,2,1,3,2
3010,2,2,3,1,1
3011,3,2,4,3,1
3012,3,3,2,2,3
3013,1,1,4,4,1
3014,2,2,3,2,1
3015,3,3,2,1,2
3016,2,2,2,2,3
3017,3,3,1,2,5
3018,3,3,1,2,2
3019,2,2,1,1,6
3020,1,1,1,1,2
3021,1,1,2,3,3
3022,3,3,1,1,2
3023,2,2,1,1,4
3024,3,3,2,2,2
3025,2,2,1,2,3
3026,3,3,2,1,1
3027,2,2,3,4,2
3028,2,1,1,2,2
3029,2,2,2,1,3
3030,1,2,4,4,1
3031,2,2,1,1,5
3032,2,2,2,1,3
3033,1,1,2,2,1
3034,2,2,3,3,3
3035,2,2,2,2,4
3036,2,2,1,1,3
3037,2,2,3,3,1
3038,3,3,2,2,1
3039,2,2,1,1,5
3040,2,2,2,2,1
3041,2,2,2,1,3
3042,2,2,3,3,3
3043,2,2,1,1,3
3044,3,3,1,2,3
3045,2,2,4,4,2
3046,2,2,3,1,2
3047,3,3,1,2,2
3048,3,1,2,3,1
3049,2,2,1,1,2
3050,2,2,2,2,6
3051,1,1,1,1,2
3052,2,2,3,2,2
3053,1,1,4,4,1
3054,2,2,2,2,3
3055,1,1,4,4,1
3056,2,2,2,2,2
3057,3,3,1,2,2
3058,2,2,3,2,3
3059,2,2,2,2,3
3060,2,2,2,2,3
3061,1,1,4,3,1
3062,2,2,1,1,3
3063,2,2,4,1,1
3064,2,3,1,1,2
3065,3,3,1,1,2
3066,2,2,2,1,3
3067,3,3,2,2,2
3068,1,1,1,3,1
3069,2,2,3,1,3
3070,3,3,1,1,6
3071,3,3,1,2,2
3072,3,3,1,1,2
3073,2,2,2,1,2
3074,2,2,2,2,2
3075,3,3,1,1,2
3076,2,2,3,3,3
3077,3,3,1,1,2
3078,1,3,2,1,1
3079,3,3,1,1,3
3080,2,2,2,2,1
3081,1,1,3,3,1
3082,4,4,4,4,1
3083,2,2,1,2,3
3084,1,1,1,3,2
3085,3,3,1,1,1
3086,1,2,3,2,5
3087,2,2,1,1,4
3088,1,1,1,1,2
3089,2,2,3,3,3
3090,3,3,2,2,2
3091,1,1,4,4,1
3092,2,2,2,1,2
3093,2,2,1,1,2
3094,3,3,2,2,1
3095,1,1,1,2,2
3096,2,2,2,3,3
3097,1,3,2,3,2
3098,1,1,3,3,4
3099,1,2,3,2,4
3100,3,3,2,2,2
3101,3,2,2,3,5
3102,2,2,1,1,3
3103,3,3,3,3,1
3104,2,2,1,1,2
3105,3,3,3,1,3
3106,2,2,3,2,1
3107,3,3,1,1,2
3108,2,2,1,2,2
3109,2,2,1,1,3
3110,3,3,3,3,1
3111,2,2,3,3,6
3112,2,2,4,3,1
3113,2,2,2,3,4
3114,2,2,2,1,3
3115,1,1,3,3,5
3116,3,3,2,1,2
3117,2,2,1,2,3
3118,3,3,2,2,1
3119,1,1,4,2,1
3120,1,3,1,1,2
3121,1,1,2,1,6
3122,4,4,4,4,1
3123,4,4,2,2,3
3124,1,3,1,1,2
3125,3,3,2,2,2
3126,2,2,3,1,2
3127,3,1,3,2,2
3128,1,1,4,1,2
3129,3,3,1,1,2
3130,2,2,2,2,3
3131,2,2,1,1,2
3132,3,3,3,3,3
3133,1,1,4,3,1
3134,4,1,3,3,2
3135,2,2,2,1,5
3136,2,2,1,2,2
3137,1,1,2,1,2
3138,2,2,2,3,3
3139,3,3,1,1,3
3140,2,2,2,2,2
3141,2,2,1,1,3
3142,2,4,1,2,2
3143,3,3,1,1,2
3144,2,2,3,2,2
3145,2,2,1,2,2
3146,3,2,2,3,3
3147,1,3,3,2,3
3148,3,3,3,2,2
3149,2,2,2,2,2
3150,2,2,1,1,2
3151,1,1,4,4,1
3152,2,2,1,1,5
3153,3,2,3,3,2
3154,1,1,4,4,1
3155,1,1,4,4,1
3156,1,1,1,1,2
3157,2,2,2,2,2
3158,2,2,2,2,3
3159,3,3,1,1,3
3160,2,2,1,2,3
3161,1,1,1,1,3
3162,3,3,1,1,7
3163,1,2,1,2,2
3164,3,3,1,1,2
3165,1,1,4,4,1
3166,1,1,3,1,1
3167,2,2,2,3,1
3168,2,2,2,2,4
3169,2,2,2,2,2
3170,2,2,2,1,2
3171,4,4,4,4,1
3172,1,3,1,1,2
3173,2,2,1,1,3
3174,2,2,4,2,3
3175,2,2,1,2,2
3176,2,2,2,1,3
3177,1,2,2,3,2
3178,4,4,3,4,1
3179,2,2,3,3,3
3180,3,3,1,1,2
3181,3,3,1,1,2
3182,3,3,2,3,1
3183,2,2,2,3,2
3184,2,4,2,1,2
3185,1,1,3,3,1
3186,2,2,2,1,7
3187,4,1,2,4,2
3188,3,3,1,1,2
3189,3,3,3,3,2
3190,2,3,2,1,5
3191,3,3,2,1,1
3192,2,2,3,3,2
3193,1,3,3,3,2
3194,1,1,2,2,1
3195,2,2,4,4,1
3196,3,3,1,2,3
3197,3,3,1,1,6
3198,3,3,2,1,4
3199,2,2,1,2,2
3200,2,2,2,2,3
3201,3,3,1,2,1
3202,1,1,4,4,1
3203,1,2,2,2,1
3204,1,1,3,3,1
3205,2,2,3,2,2
3206,3,3,1,1,2
3207,1,2,4,2,4
3208,3,3,1,1,4
3209,2,2,2,1,2
3210,2,2,4,3,1
3211,3,3,1,1,6
3212,2,1,3,3,2
3213,2,2,2,2,2
3214,2,2,2,3,3
3215,1,2,2,3,3
3216,2,2,2,3,2
3217,4,1,1,2,2
3218,1,1,1,2,5
3219,1,1,2,1,4
3220,2,2,1,1,4
3221,2,2,1,2,3
3222,2,2,1,2,2
3223,1,1,3,1,2
3224,2,2,3,2,2
3225,3,1,2,2,2
3226,2,2,2,2,3
3227,3,1,2,1,2
3228,3,3,1,1,2
3229,3,3,2,1,2
3230,2,1,2,2,3
3231,2,2,1,2,4
3232,2,2,1,3,2
3233,3,3,1,1,2
3234,2,2,2,2,3
3235,2,2,2,2,1
3236,2,2,1,1,3
3237,3,1,4,2,2
3238,2,2,2,1,3
3239,2,2,3,3,1
3240,1,1,3,3,2
3241,1,1,4,4,1
3242,2,2,3,3,3
3243,1,1,3,3,1
3244,1,1,2,1,2
3245,2,2,2,2,2
3246,2,2,2,2,2
3247,1,2,1,2,3
3248,2,2,2,2,2
3249,2,2,4,2,2
3250,2,2,2,2,1
3251,1,1,1,2,1
3252,2,2,3,3,3
3253,2,2,3,2,3
3254,3,3,1,1,2
3255,2,2,2,2,5
3256,3,3,1,1,2
3257,3,3,3,1,1
3258,2,2,3,3,2
3259,3,3,1,2,4
3260,3,3,1,2,3
3261,1,1,1,2,2
3262,1,1,2,2,3
3263,3,3,1,1,3
3264,2,2,2,2,2
3265,2,2,2,2,2
3266,1,1,4,2,1
3267,2,3,1,3,3
3268,2,2,2,1,5
3269,1,1,3,1,6
3270,4,4,3,1,6
3271,2,2,1,2,2
3272,3,3,2,1,1
3273,2,2,4,3,1
3274,3,3,2,1,2
3275,1,1,4,3,1
3276,3,3,1,1,3
3277,2,2,3,4,3
3278,2,2,4,4,1
3279,3,1,2,3,3
3280,3,3,3,1,3
3281,2,3,3,3,4
3282,1,1,3,4,4
3283,3,1,4,4,1
3284,1,1,2,2,3
3285,3,3,3,3,1
3286,2,2,2,2,1
3287,3,3,4,4,1
3288,1,1,1,1,2
3289,2,2,2,2,2
3290,1,3,2,3,2
3291,3,3,2,2,2
3292,2,2,1,1,3
3293,3,3,2,2,6
3294,1,1,3,3,2
3295,2,4,1,2,2
3296,2,2,3,2,1
3297,1,1,4,4,1
3298,3,3,3,3,2
3299,2,2,2,1,3
3300,2,2,2,1,3
3301,2,2,2,2,2
3302,2,2,4,1,1
3303,1,3,3,2,4
3304,3,3,2,2,3
3305,2,2,2,2,3
3306,3,3,3,1,2
3307,3,3,1,1,5
3308,3,3,1,4,5
3309,2,2,2,2,3
3310,2,2,3,3,3
3311,2,2,2,2,2
3312,3,3,1,1,2
3313,3,3,1,2,2
3314,2,2,2,1,3
3315,2,2,3,2,1
3316,4,1,3,2,3
3317,2,2,3,2,5
3318,1,1,2,2,2
3319,3,3,2,1,6
3320,1,1,2,3,2
3321,3,2,2,2,3
3322,1,1,3,4,1
3323,2,2,3,3,3
3324,2,2,3,4,2
3325,2,2,1,2,2
3326,2,2,3,2,1
3327,2,2,3,3,2
3328,2,2,1,1,3
3329,2,2,2,2,3
3330,3,3,1,4,4
3331,1,1,2,2,2
3332,2,2,2,2,3
3333,3,3,1,2,2
3334,2,2,1,1,3
3335,2,2,3,3,5
3336,1,1,3,2,4
3337,3,3,3,1,2
3338,2,2,4,4,1
3339,2,2,1,1,3
3340,2,2,3,3,2
3341,3,1,1,1,1
3342,1,1,3,4,1
3343,1,1,4,2,1
3344,4,4,3,4,2
3345,3,1,3,3,1
3346,3,3,3,2,2
3347,3,3,2,2,2
3348,2,2,2,1,2
3349,2,2,2,2,2
3350,2,2,1,1,2
3351,2,2,1,1,1
3352,2,2,2,2,2
3353,1,1,3,1,6
3354,1,1,2,2,2
3355,2,2,3,3,2
3356,2,2,2,1,2
3357,3,3,1,1,3
3358,1,1,3,3,1
3359,3,3,1,2,1
3360,3,3,1,1,2
3361,2,2,1,2,4
3362,3,3,1,1,2
3363,2,2,1,1,2
3364,3,3,2,4,6
3365,2,2,1,1,2
3366,2,2,2,3,2
3367,1,1,4,4,1
3368,3,3,3,1,3
3369,3,3,3,2,1
3370,1,1,1,2,1
3371,2,2,1,1,2
3372,2,2,1,2,3
3373,3,3,3,3,1
3374,2,2,1,1,5
3375,2,3,1,1,2
3376,2,2,1,2,2
3377,1,1,4,3,1
3378,1,4,2,3,6
3379,3,3,2,1,3
3380,3,3,1,2,1
3381,3,2,1,1,3
3382,1,1,1,2,3
3383,2,2,2,2,2
3384,2,2,1,1,3
3385,1,1,3,4,1
3386,3,3,2,1,2
3387,2,4,1,2,2
3388,2,2,1,1,4
3389,2,2,3,1,2
3390,2,2,2,1,1
3391,2,1,3,2,3
3392,4,1,1,1,3
3393,3,3,1,3,1
3394,2,2,2,1,4
3395,2,2,3,2,2
3396,2,2,2,2,5
3397,2,2,2,2,1
3398,3,2,1,2,3
3399,3,3,1,3,2
3400,2,2,3,1,2
3401,3,3,2,2,1
3402,2,2,3,3,3
3403,1,3,1,2,2
3404,2,3,2,2,1
3405,1,1,4,4,1
3406,3,3,3,3,3
3407,2,2,3,2,1
3408,2,2,3,2,1
3409,3,3,2,2,3
3410,2,2,2,1,4
3411,1,1,4,4,1
3412,2,2,3,2,1
3413,1,1,2,2,2
3414,2,4,2,3,2
3415,2,2,1,2,3
3416,3,3,1,1,2
3417,1,1,3,3,2
3418,2,2,4,4,1
3419,2,2,1,1,2
3420,2,2,3,3,1
3421,1,1,2,3,2
3422,1,3,3,3,1
3423,1,3,1,1,1
3424,3,3,1,1,3
3425,2,2,3,3,1
3426,1,1,2,3,1
3427,2,2,1,1,3
3428,3,3,1,1,1
3429,2,2,2,2,3
3430,1,1,1,1,1
3431,3,3,1,2,2
3432,3,3,3,3,3
3433,2,2,1,1,3
3434,1,1,3,3,2
3435,1,1,3,3,2
3436,2,2,2,2,2
3437,2,2,4,3,1
3438,2,2,3,2,3
3439,3,3,1,1,1
3440,3,3,2,1,3
3441,1,1,4,4,1
3442,1,1,4,3,1
3443,2,2,4,4,1
3444,3,3,2,1,1
3445,1,3,1,1,3
3446,3,3,4,3,1
3447,2,2,3,2,4
3448,3,3,1,1,1
3449,3,3,1,1,1
3450,4,1,1,2,5
3451,2,1,1,1,6
3452,1,1,2,3,3
3453,3,3,3,3,2
3454,2,2,3,3,3
3455,2,2,1,2,3
3456,2,2,1,1,3
3457,2,2,1,2,2
3458,1,1,3,1,2
3459,2,2,2,2,2
3460,3,3,2,4,2
3461,2,2,3,2,1
3462,4,1,3,3,1
3463,1,2,2,3,2
3464,3,3,3,1,2
3465,2,2,3,1,3
3466,1,1,3,3,2
3467,1,1,1,1,3
3468,2,2,2,2,3
3469,2,2,4,4,1
3470,3,3,2,1,2
3471,2,2,1,3,3
3472,2,2,2,1,3
3473,3,3,1,1,1
3474,1,1,4,4,1
3475,3,3,3,1,1
3476,3,3,2,2,3
3477,3,3,3,1,2
3478,2,2,2,2,3
3479,2,2,2,2,2
3480,2,2,1,2,2
3481,1,2,2,2,2
3482,4,4,4,4,1
3483,2,2,2,2,3
3484,3,3,2,1,2
3485,2,2,2,3,3
3486,1,1,2,2,2
3487,2,2,2,2,3
3488,1,3,1,2,3
3489,3,3,1,1,6
3490,2,2,1,3,2
3491,2,2,1,1,2
3492,2,2,3,2,4
3493,2,2,4,3,1
3494,2,3,3,2,4
3495,2,2,4,3,2
3496,2,2,4,2,3
3497,1,1,2,3,2
3498,2,2,3,1,2
3499,3,3,2,3,2
3500,3,3,1,1,5
3501,2,2,2,2,3
3502,3,3,1,1,2
3503,2,2,1,1,2
3504,2,2,2,1,3
3505,1,1,3,3,1
3506,2,2,3,3,3
3507,2,2,2,1,3
3508,2,2,1,3,3
3509,2,2,4,4,2
3510,3,3,3,3,2
3511,3,2,3,3,2
3512,2,2,1,2,3
3513,1,4,2,2,1
3514,2,2,3,4,5
3515,2,2,1,1,4
3516,3,1,2,1,2
3517,3,3,2,4,1
3518,2,2,3,3,1
3519,1,4,1,3,2
3520,2,2,2,1,3
3521,1,1,1,1,3
3522,3,3,1,1,2
3523,2,3,2,4,6
3524,2,2,2,3,6
3525,1,3,1,1,4
3526,2,2,3,3,3
3527,2,1,1,2,3
3528,2,2,2,2,3
3529,2,2,2,1,3
3530,3,2,2,2,2
3531,2,2,3,2,6
3532,2,2,4,3,2
3533,2,1,3,2,1
3534,3,1,3,2,2
3535,2,2,1,2,2
3536,2,2,3,1,3
3537,2,2,3,3,3
3538,2,2,2,2,2
3539,2,2,2,2,3
3540,1,1,4,4,1
3541,2,3,2,2,3
3542,2,1,3,1,4
3543,2,4,2,2,3
3544,2,2,1,1,5
3545,1,2,3,2,1
3546,2,2,3,1,3
3547,4,4,4,4,1
3548,2,2,4,3,3
3549,3,3,1,2,2
3550,2,2,1,1,2
3551,2,2,1,2,3
3552,2,2,1,2,2
3553,2,2,2,3,5
3554,2,2,1,1,3
3555,2,2,2,1,3
3556,2,2,1,3,2
3557,3,3,1,1,3
3558,3,3,1,1,1
3559,3,3,1,1,2
3560,1,3,1,1,1
3561,2,2,2,1,5
3562,2,2,2,2,3
3563,2,2,1,1,6
3564,3,3,1,1,2
3565,1,1,4,3,1
3566,2,2,1,1,3
3567,3,3,2,2,1
3568,2,2,2,1,6
3569,2,2,2,1,6
3570,1,1,2,1,3
3571,1,1,1,2,2
3572,3,1,1,2,2
3573,2,2,1,1,3
3574,2,2,2,1,4
3575,2,2,1,1,3
3576,2,2,2,2,3
3577,2,2,1,2,2
3578,1,1,1,1,5
3579,2,2,1,2,2
3580,3,3,1,1,2
3581,2,2,3,3,2
3582,3,3,1,1,3
3583,3,3,2,2,1
3584,2,2,1,2,4
3585,2,3,3,2,6
3586,2,2,1,1,2
3587,1,1,3,1,5
3588,1,1,2,1,7
3589,1,2,3,3,3
3590,2,2,2,2,3
3591,2,2,1,1,2
3592,2,2,1,2,1
3593,2,1,1,1,3
3594,2,2,1,2,3
3595,3,1,3,2,3
3596,3,3,1,1,3
3597,2,2,2,1,2
3598,2,2,1,1,3
3599,3,3,2,2,2
3600,4,4,3,4,1
3601,4,4,3,2,2
3602,2,2,1,1,4
3603,3,3,2,3,1
3604,2,2,1,1,2
3605,2,2,1,2,2
3606,2,1,1,1,7
3607,2,2,2,2,2
3608,3,3,3,3,1
3609,3,3,1,2,2
3610,2,2,1,1,2
3611,2,2,3,3,3
3612,2,2,3,3,1
3613,2,2,1,2,3
3614,2,1,3,3,5
3615,3,2,1,2,3
3616,1,1,3,3,1
3617,2,2,2,1,2
3618,2,2,1,2,2
3619,1,1,2,3,1
3620,1,3,2,3,3
3621,1,1,3,3,1
3622,1,1,2,2,1
3623,3,3,1,1,2
3624,2,2,1,2,2
3625,2,2,1,1,3
3626,3,3,2,1,2
3627,1,1,4,4,1
3628,2,2,2,2,2
3629,1,1,2,1,2
3630,2,2,2,1,2
3631,1,1,4,3,1
3632,2,2,2,3,2
3633,2,2,1,2,2
3634,2,2,3,3,2
3635,1,1,2,1,2
3636,3,2,2,2,2
3637,2,2,2,1,2
3638,3,3,1,1,2
3639,1,1,4,4,1
3640,3,2,3,3,1
3641,2,2,1,1,3
3642,2,2,1,1,3
3643,2,2,2,2,1
3644,1,1,3,3,1
3645,1,1,2,2,1
3646,2,2,1,1,2
3647,2,2,3,2,3
3648,2,2,2,2,1
3649,3,3,1,2,2
3650,2,2,1,2,2
3651,2,2,1,3,2
3652,1,1,1,1,5
3653,2,3,3,3,3
3654,1,2,2,1,4
3655,2,2,2,1,1
3656,1,2,1,2,3
3657,3,3,3,3,2
3658,3,2,2,2,1
3659,2,2,2,2,2
3660,2,2,2,2,3
3661,2,2,1,2,2
3662,2,2,3,2,3
3663,3,1,2,2,2
3664,4,4,4,4,1
3665,3,3,1,1,2
3666,3,3,1,1,2
3667,3,3,2,1,2
3668,2,2,1,2,3
3669,2,3,2,2,4
3670,3,3,3,3,1
3671,2,2,4,2,2
3672,2,1,2,1,1
3673,1,1,3,3,1
3674,2,2,1,3,4
3675,3,3,3,1,6
3676,1,1,4,3,1
3677,3,3,2,3,1
3678,2,2,1,1,3
3679,1,1,2,3,2
3680,2,2,2,2,2
3681,4,4,4,4,1
3682,2,2,3,3,2
3683,1,1,4,3,1
3684,3,3,3,2,2
3685,4,2,4,2,5
3686,2,2,1,1,2
3687,1,1,1,1,6
3688,1,1,3,2,2
3689,2,2,3,2,3
3690,1,1,4,4,1
3691,2,2,2,2,1
3692,1,1,4,4,1
3693,4,4,1,4,2
3694,3,3,1,1,1
3695,3,3,3,1,2
3696,2,2,2,2,3
3697,2,2,2,2,1
3698,3,3,1,1,2
3699,3,3,1,1,3
3700,2,2,2,1,5
3701,2,2,3,2,2
3702,1,2,1,1,3
3703,1,1,2,3,2
3704,3,1,1,1,2
3705,4,4,2,2,2
3706,1,1,4,4,1
3707,2,2,3,4,1
3708,4,4,2,3,2
3709,3,3,1,1,5
3710,2,2,2,3,2
3711,2,2,2,2,3
3712,2,2,1,1,5
3713,2,1,3,3,5
3714,3,3,1,2,2
3715,2,2,3,3,2
3716,1,1,4,4,1
3717,2,2,3,3,3
3718,2,2,2,1,2
3719,2,2,2,2,3
3720,3,3,1,1,2
3721,3,3,1,1,2
3722,1,1,4,4,1
3723,4,4,4,2,1
3724,3,3,1,1,2
3725,3,3,1,2,1
3726,3,2,3,3,2
3727,2,2,3,2,3
3728,2,3,4,2,2
3729,3,3,3,2,1
3730,2,4,3,3,2
3731,1,1,3,2,1
3732,2,2,1,3,4
3733,1,4,3,1,3
3734,2,2,3,3,3
3735,3,3,3,2,5
3736,2,2,1,2,3
3737,1,4,3,3,1
3738,2,2,2,2,2
3739,2,2,2,1,3
3740,3,2,1,3,3
3741,1,1,4,3,1
3742,2,2,3,2,4
3743,2,2,1,1,2
3744,2,2,1,1,6
3745,1,1,4,3,1
3746,3,3,3,3,3
3747,2,1,3,1,2
3748,3,3,1,1,1
3749,1,1,2,2,3
3750,2,2,1,1,3
3751,1,1,3,2,1
3752,1,1,1,1,3
3753,2,2,1,1,3
3754,2,2,2,3,3
3755,2,2,4,4,1
3756,1,1,1,2,2
3757,2,2,3,1,5
3758,2,3,2,2,1
3759,2,2,1,2,2
3760,2,2,1,1,4
3761,2,2,1,1,2
3762,3,3,3,2,1
3763,1,1,3,4,1
3764,1,1,3,1,1
3765,1,1,4,4,1
3766,3,3,3,2,5
3767,1,1,4,4,1
3768,2,2,3,2,2
3769,2,2,2,2,3
3770,2,2,1,2,3
3771,2,2,2,2,2
3772,2,1,1,1,1
3773,2,2,2,1,2
3774,3,3,1,2,5
3775,3,3,4,4,1
3776,2,2,3,4,1
3777,2,2,2,2,6
3778,2,2,1,2,3
3779,2,2,2,3,2
3780,2,2,2,3,3
3781,1,1,4,4,1
3782,2,2,2,1,1
3783,1,1,4,4,1
3784,2,2,2,2,4
3785,1,1,1,1,2
3786,2,2,1,2,4
3787,3,1,3,3,1
3788,1,1,3,3,2
3789,2,2,1,2,2
3790,1,3,2,1,1
3791,2,2,3,1,2
3792,1,1,4,4,1
3793,4,4,2,3,1
3794,2,2,3,3,1
3795,3,2,3,3,3
3796,2,2,2,1,3
3797,2,2,4,3,1
3798,2,2,3,3,1
3799,2,2,1,2,3
3800,2,2,2,2,2
3801,2,2,1,1,2
3802,2,2,3,3,3
3803,2,2,1,2,3
3804,3,2,2,2,2
3805,2,2,3,3,3
3806,2,2,2,2,3
3807,3,3,1,3,2
3808,1,3,4,4,1
3809,2,2,2,2,2
3810,3,2,1,1,3
3811,3,3,3,3,1
3812,3,3,2,1,5
3813,3,1,3,4,4
3814,1,1,1,1,2
3815,2,2,3,3,3
3816,3,1,3,2,1
3817,2,2,3,4,2
3818,3,3,3,3,3
3819,3,3,1,2,4
3820,2,2,3,3,3
3821,2,2,1,1,3
3822,2,2,3,1,3
3823,3,3,1,1,2
3824,2,2,2,2,2
3825,1,1,4,4,1
3826,4,1,4,4,1
3827,2,2,2,2,1
3828,1,1,2,1,2
3829,1,1,1,1,2
3830,2,1,1,1,3
3831,2,2,1,1,2
3832,1,3,2,2,1
3833,4,1,3,2,2
3834,2,2,3,3,3
3835,1,3,1,1,2
3836,1,2,1,2,1
3837,1,1,2,2,2
3838,4,4,4,4,1
3839,2,2,2,3,3
3840,2,2,1,1,3
3841,1,1,1,1,5
3842,3,3,3,2,2
3843,1,1,1,3,3
3844,2,2,3,2,2
3845,2,2,3,3,1
3846,2,2,1,1,2
3847,2,2,1,1,5
3848,2,2,3,2,2
3849,2,2,1,3,2
3850,2,1,4,2,5
3851,3,1,2,3,1
3852,3,3,1,2,3
3853,2,2,1,1,4
3854,3,3,2,2,4
3855,2,2,2,2,4
3856,2,2,2,2,2
3857,3,1,3,3,1
3858,2,3,2,2,3
3859,3,3,2,1,1
3860,2,2,1,1,3
3861,3,3,1,1,3
3862,2,2,2,2,3
3863,2,2,3,3,1
3864,1,1,3,1,2
3865,1,1,3,2,1
3866,2,2,2,1,2
3867,3,3,1,1,2
3868,3,3,3,1,2
3869,2,2,2,1,2
3870,4,4,4,3,1
3871,1,1,1,2,2
3872,3,3,2,1,6
3873,1,2,3,2,2
3874,2,2,1,2,3
3875,2,2,1,2,4
3876,3,3,3,2,6
3877,1,1,2,2,2
3878,2,2,3,1,3
3879,2,2,1,3,2
3880,2,2,4,3,1
3881,2,2,1,1,2
3882,2,2,4,3,3
3883,3,3,1,1,5
3884,2,3,1,2,2
3885,2,3,2,2,1
3886,2,2,2,3,3
3887,2,2,4,4,2
3888,3,3,1,1,2
3889,3,3,3,1,3
3890,2,1,3,2,3
3891,1,1,3,2,4
3892,2,2,1,2,2
3893,4,1,1,2,3
3894,2,2,1,2,2
3895,1,1,4,4,1
3896,2,2,2,2,4
3897,2,2,1,2,2
3898,2,2,4,3,2
3899,2,2,1,1,3
3900,3,3,1,1,3
3901,2,2,2,3,2
3902,3,3,2,3,2
3903,2,2,1,1,2
3904,3,3,1,1,1
3905,1,1,3,4,1
3906,3,3,2,2,1
3907,2,2,2,2,2
3908,2,2,1,1,3
3909,2,2,4,2,1
3910,3,3,3,2,1
3911,3,3,1,3,2
3912,3,4,3,4,2
3913,2,2,3,1,2
3914,2,2,2,2,2
3915,1,1,1,1,2
3916,4,4,4,4,1
3917,3,3,3,1,1
3918,2,2,2,2,3
3919,1,1,2,3,1
3920,3,3,1,3,1
3921,2,2,2,1,3
3922,3,3,1,1,6
3923,1,1,1,1,6
3924,2,2,1,1,3
3925,1,1,1,1,1
3926,2,2,2,3,1
3927,2,2,1,1,3
3928,2,4,2,2,3
3929,3,1,2,1,2
3930,3,2,3,4,2
3931,1,1,3,1,2
3932,2,2,2,1,3
3933,1,4,2,2,2
3934,1,1,4,4,1
3935,1,1,4,4,1
3936,2,3,2,2,3
3937,1,1,3,4,1
3938,2,2,2,1,3
3939,2,2,2,1,5
3940,3,1,1,1,1
3941,1,1,1,2,2
3942,1,1,4,3,1
3943,3,3,1,1,2
3944,2,2,1,3,2
3945,2,2,2,1,2
3946,2,2,1,3,3
3947,1,1,4,4,1
3948,1,1,3,3,1
3949,2,2,2,1,1
3950,3,3,2,3,3
3951,3,3,3,3,2
3952,2,2,1,2,3
3953,3,3,2,2,2
3954,2,3,2,2,2
3955,2,2,1,1,4
3956,2,2,1,2,3
3957,1,1,2,3,1
3958,3,3,2,1,2
3959,3,3,1,1,3
3960,2,1,2,3,2
3961,3,2,3,1,2
3962,4,1,3,4,1
3963,2,2,3,3,2
3964,2,2,1,1,3
3965,2,2,2,2,2
3966,2,2,3,3,1
3967,1,1,2,2,2
3968,3,3,3,3,2
3969,2,2,3,2,4
3970,2,2,2,2,3
3971,3,1,1,1,2
3972,2,2,1,3,2
3973,1,1,2,2,3
3974,2,2,3,3,2
3975,2,2,2,1,2
3976,2,2,2,2,4
3977,2,2,2,1,3
3978,1,1,4,3,1
3979,1,1,2,2,2
3980,2,2,3,3,3
3981,3,1,3,4,2
3982,1,2,2,3,4
3983,3,3,2,2,1
3984,2,2,2,3,1
3985,2,2,1,2,3
3986,2,2,1,2,2
3987,1,4,3,3,1
3988,2,2,3,3,3
3989,2,2,2,2,2
3990,3,3,1,1,3
3991,3,3,1,1,2
3992,1,1,3,1,1
3993,1,1,4,4,1
3994,2,2,3,3,2
3995,2,2,2,2,4
3996,2,2,2,1,6
3997,2,2,3,2,3
3998,4,1,3,2,1
3999,1,3,3,3,2
4000,3,3,3,3,1
4001,2,2,3,2,2
4002,2,2,1,1,2
4003,2,2,2,1,3
4004,2,2,2,1,3
4005,2,2,1,1,2
4006,2,2,4,4,1
4007,2,2,2,1,2
4008,2,2,2,2,1
4009,2,2,1,2,3
4010,2,2,1,1,2
4011,3,3,1,1,2
4012,2,2,3,3,3
4013,2,2,2,1,3
4014,3,3,4,3,1
4015,1,1,4,3,2
4016,2,2,2,2,2
4017,3,3,2,2,2
4018,1,1,3,4,5
4019,3,3,1,1,2
4020,1,1,1,1,2
4021,2,2,1,2,3
4022,1,1,3,4,5
4023,2,2,3,3,2
4024,2,3,1,1,3
4025,1,1,4,4,1
4026,2,2,1,2,3
4027,3,3,2,1,6
4028,3,3,2,2,3
4029,2,2,1,1,3
4030,3,3,3,3,2
4031,2,2,1,2,3
4032,2,2,4,2,2
4033,2,2,1,2,3
4034,1,3,2,1,2
4035,3,3,1,1,2
4036,1,1,1,1,2
4037,1,1,3,3,2
4038,1,1,1,2,1
4039,1,3,2,4,1
4040,1,1,4,2,1
4041,2,2,1,3,2
4042,2,2,2,1,3
4043,2,2,2,2,3
4044,3,3,1,1,2
4045,2,2,2,2,2
4046,1,1,3,1,1
4047,2,2,1,1,3
4048,2,2,2,2,2
4049,2,2,1,2,2
4050,3,3,3,1,2
4051,3,1,3,4,4
4052,2,2,2,2,3
4053,2,3,1,1,3
4054,1,3,1,2,2
4055,2,2,3,1,3
4056,3,2,1,3,2
4057,1,1,3,3,2
4058,3,3,1,2,2
4059,3,3,1,3,2
4060,1,1,2,4,2
4061,2,2,3,2,3
4062,2,2,1,2,3
4063,2,2,1,1,4
4064,2,1,3,2,3
4065,2,2,2,2,3
4066,2,2,1,1,3
4067,2,2,3,3,1
4068,2,2,3,3,3
4069,2,2,3,2,2
4070,3,1,1,2,2
4071,3,3,1,1,2
4072,2,2,1,1,5
4073,3,3,2,4,2
4074,2,2,1,2,3
4075,1,1,2,1,1
4076,2,2,3,3,2
4077,2,2,1,1,2
4078,2,2,1,1,2
4079,3,3,2,1,3
4080,3,3,3,4,3
4081,3,3,3,2,2
4082,3,3,2,2,3
4083,2,2,2,1,2
4084,2,2,2,1,3
4085,4,1,4,3,1
4086,2,2,1,2,3
4087,3,3,1,1,3
4088,1,1,2,3,2
4089,2,2,1,4,2
4090,3,3,3,1,1
4091,3,3,1,1,6
4092,2,2,2,1,3
4093,1,1,1,2,2
4094,1,1,3,2,1
4095,1,1,3,3,1
4096,2,2,3,1,4
4097,1,3,2,2,1
4098,2,2,2,2,3
4099,4,2,1,2,3
4100,3,3,1,1,3
4101,3,3,1,1,3
4102,2,2,1,1,3
4103,3,3,1,1,2
4104,1,1,4,4,1
4105,2,2,1,2,3
4106,4,4,1,1,1
4107,2,2,2,2,3
4108,2,2,1,3,2
4109,2,2,1,3,2
4110,3,3,1,2,6
4111,3,2,4,4,1
4112,1,1,3,4,2
4113,2,2,2,2,2
4114,1,1,4,4,1
4115,2,2,2,2,3
4116,4,1,2,2,2
4117,4,3,4,4,1
4118,1,1,4,3,1
4119,2,2,2,2,2
4120,1,2,3,1,1
4121,1,1,4,4,1
4122,1,1,1,1,2
4123,1,1,2,2,3
4124,2,2,1,2,4
4125,2,2,2,1,6
4126,1,3,4,3,6
4127,2,2,1,3,2
4128,3,3,2,3,2
4129,3,3,1,1,2
4130,1,1,4,4,1
4131,2,2,2,3,2
4132,2,2,1,2,3
4133,3,3,1,2,2
4134,2,2,4,3,3
4135,2,2,2,3,2
4136,2,2,4,2,2
4137,1,3,2,1,3
4138,2,2,2,2,4
4139,2,2,2,3,1
4140,1,1,1,1,2
4141,3,1,3,2,2
4142,3,1,2,3,2
4143,2,2,2,1,2
4144,1,3,3,1,3
4145,2,2,1,2,3
4146,3,3,3,3,2
4147,2,2,3,4,3
4148,2,2,1,1,3
4149,2,2,2,4,2
4150,2,2,2,2,1
4151,1,3,1,1,2
4152,2,2,3,1,2
4153,2,1,1,2,2
4154,1,1,3,1,2
4155,3,3,1,1,1
4156,3,3,2,2,3
4157,2,2,2,2,3
4158,3,3,1,1,3
4159,3,2,2,2,3
4160,2,2,2,1,2
4161,2,2,2,2,3
4162,1,3,1,1,2
4163,1,1,4,4,1
4164,1,1,3,2,2
4165,2,2,3,3,2
4166,1,1,4,3,1
4167,1,1,1,3,2
4168,1,3,2,1,3
4169,2,2,2,1,3
4170,2,2,1,1,2
4171,2,2,3,1,2
4172,2,2,3,3,3
4173,3,3,1,4,2
4174,3,3,1,2,2
4175,1,1,1,1,2
4176,2,2,3,2,5
4177,2,2,1,2,3
4178,3,3,1,1,1
4179,2,2,1,2,1
4180,1,1,2,2,1
4181,2,2,4,4,1
4182,2,2,1,2,2
4183,1,3,3,3,3
4184,2,2,2,2,4
4185,2,1,1,2,2
4186,3,3,2,3,2
4187,4,1,3,2,3
4188,2,2,2,1,3
4189,2,2,1,1,2
4190,1,3,1,1,2
4191,2,2,3,2,2
4192,2,2,4,4,1
4193,3,3,2,2,2
4194,1,1,2,2,2
4195,2,2,1,2,3
4196,4,1,2,2,2
4197,2,1,3,3,1
4198,1,1,2,3,3
4199,2,2,1,2,3
4200,2,2,1,1,6
4201,2,2,2,2,2
4202,1,1,1,4,5
4203,2,2,1,2,2
4204,2,2,2,1,6
4205,3,3,1,2,2
4206,2,2,1,1,2
4207,3,3,3,2,2
4208,2,1,3,2,1
4209,2,2,4,2,2
4210,2,2,1,2,2
4211,2,2,3,1,3
4212,2,2,3,1,3
4213,2,2,4,3,3
4214,1,1,1,2,4
4215,2,2,1,1,3
4216,1,1,1,2,2
4217,1,3,2,1,2
4218,2,2,3,2,4
4219,3,3,2,3,1
4220,3,3,3,2,1
4221,2,2,2,1,2
4222,4,1,3,2,2
4223,2,2,2,2,3
4224,2,2,3,3,3
4225,1,1,4,4,1
4226,2,2,1,1,2
4227,2,3,2,1,2
4228,1,1,2,2,1
4229,3,3,3,3,1
4230,4,1,3,3,3
4231,2,2,3,2,3
4232,2,2,1,1,3
4233,1,1,2,4,1
4234,1,1,4,4,1
4235,1,1,1,3,2
4236,3,3,1,1,2
4237,1,1,4,4,1
4238,2,2,2,2,3
4239,2,2,1,1,3
4240,2,2,3,3,4
4241,2,2,1,2,3
4242,3,3,1,1,3
